Workbook

Sheet District ADAEnrollment
A1: nixo | H1: 2024-2025 Sheldon ISD ADA Dashboard
A2: Estimated $ Missed Annually | H2: =CE!H3 -> 127930.15 | J2: =GE!H3 -> 165234.25 | L2: =ME!H3 -> 170567.29 | N2: =SAMPLE!H3 -> 149891.18 | P2: ='Sheldon Elementary'!E3 -> 158482.73 | R2: =SLE!H3 -> 218997.97 | T2: =CECA!H3 -> 219811 | V2: =SECA!H3 -> 234562.56 | X2: =KHS!H3 -> 863403.92 | Z2: ='9TH CAMP'!H3 -> 190510.48 | AB2: =ECHS!H3 -> 85247.476 | AD2: =KMS!H3 -> 318273.85 | AF2: =NMS!H3 -> 306724.01 | AH2: =SUM(H2:AG2) -> 3209636.8
H3: CE | J3: GE | L3: ME | N3: RE | P3: SE | R3: SLE | T3: CECA | V3: SECA | X3: KHS | Z3: 9TH GR CAMPUS | AB3: ECHS | AD3: KMS | AF3: NMS | AH3: Highpnt | AI3: KASE
H4: ADA | I4: Enrollment | J4: ADA | K4: Enrollment | L4: ADA | M4: Enrollment | N4: ADA | O4: Enrollment | P4: ADA | Q4: Enrollment | R4: ADA | S4: Enrollment | T4: ADA | U4: Enrollment | V4: ADA | W4: Enrollment | X4: ADA | Y4: Enrollment | Z4: ADA | AA4: Enrollment | AB4: ADA | AC4: Enrollment | AD4: ADA | AE4: Enrollment | AF4: ADA | AG4: Enrollment | AH4: Enrollment | AI4: Enrollment | AK4: KASE Weekly Attendance
A5: ADA % BY CAMPUS | H5: =AVERAGE(H12:H163) -> 0.91180887 | J5: =AVERAGE(J12:J163) -> 0.92102705 | L5: =AVERAGE(L12:L163) -> 0.92915246 | N5: =AVERAGE(N12:N163) -> 0.9335773 | P5: =AVERAGE(P12:P163) -> 0.93017377 | R5: =AVERAGE(R12:R163) -> 0.93403361 | T5: =AVERAGE(T12:T163) -> 0.90461639 | V5: =AVERAGE(V12:V163) -> 0.89872131 | X5: =AVERAGE(X12:X163) -> 0.90274918 | Z5: =AVERAGE(Z12:Z163) -> 0.91959344 | AB5: =AVERAGE(AB12:AB163) -> 0.91640079 | AD5: =AVERAGE(AD12:AD163) -> 0.93513115 | AF5: =AVERAGE(AF12:AF163) -> 0.91813525 | AH5: =AVERAGE(H5:AG5) -> 0.91962466
F6: EcoDis
H7: >>Click Here To View Your Students With Less Than 95% ADA<<
A8: # OF DAYS LESS THAN 95% ADA | H8: =COUNTIF(H12:H178,"<94%") -> 46 | J8: =COUNTIF(J12:J178,"<94%") -> 50 | L8: =COUNTIF(L12:L178,"<94%") -> 52 | N8: =COUNTIF(N12:N178,"<94%") -> 36 | P8: =COUNTIF(P12:P178,"<94%") -> 46 | R8: =COUNTIF(R12:R178,"<94%") -> 45 | T8: =COUNTIF(T12:T178,"<94%") -> 103 | V8: =COUNTIF(V12:V178,"<94%") -> 112 | X8: =COUNTIF(X12:X178,"<94%") -> 88 | Z8: =COUNTIF(Z12:Z178,"<94%") -> 75 | AB8: =COUNTIF(AB12:AB178,"<94%") -> 26 | AD8: =COUNTIF(AD12:AD178,"<94%") -> 26 | AF8: =COUNTIF(AF12:AF178,"<94%") -> 48
A9: # OF DAYS LESS THAN 90% ADA | H9: =COUNTIF(H12:H179,"<90%") -> 19 | J9: =COUNTIF(J12:J179,"<90%") -> 22 | L9: =COUNTIF(L12:L179,"<90%") -> 22 | N9: =COUNTIF(N12:N179,"<90%") -> 18 | P9: =COUNTIF(P12:P179,"<90%") -> 19 | R9: =COUNTIF(R12:R179,"<90%") -> 15 | T9: =COUNTIF(T12:T179,"<90%") -> 29 | V9: =COUNTIF(V12:V179,"<90%") -> 43 | X9: =COUNTIF(X12:X179,"<90%") -> 21 | Z9: =COUNTIF(Z12:Z179,"<90%") -> 22 | AB9: =COUNTIF(AB12:AB179,"<90%") -> 18 | AD9: =COUNTIF(AD12:AD179,"<90%") -> 16 | AF9: =COUNTIF(AF12:AF179,"<90%") -> 22
A10: TOTAL OPERATIONAL MINUTES | H10: =B220 -> 76500
A11: MINS | C11: DAYS | D11: DATE | E11: DAY | G11: ENR
B12: 450 | C12: Day 1 | D12: 45516 | E12: Monday | G12: =I12+K12+M12+O12+Q12+S12+U12+W12+Y12+AA12+AC12+AE12+AG12+AI12+AH12 -> 9729 | H12: =CE!C7 -> 1 | I12: =CE!G7 -> 486 | J12: =GE!C7 -> 1 | K12: =GE!G7 -> 549 | L12: =ME!C7 -> 1 | M12: =ME!G7 -> 560 | N12: =SAMPLE!C7 -> 1 | O12: =SAMPLE!G7 -> 536 | P12: ='Sheldon Elementary'!C7 -> 1 | Q12: ='Sheldon Elementary'!D7 -> 558 | R12: =SLE!C7 -> 1 | S12: =SLE!G7 -> 585 | T12: =CECA!C7 -> 1 | U12: =CECA!G7 -> 472 | V12: =SECA!C7 -> 1 | W12: =SECA!G7 -> 464 | X12: =KHS!C7 -> 1 | Y12: =KHS!G7 -> 2360 | Z12: ='9TH CAMP'!C7 -> 1 | AA12: ='9TH CAMP'!G7 -> 524 | AB12: =ECHS!C7 -> 1 | AC12: =ECHS!G7 -> 438 | AD12: =KMS!C7 -> 1 | AE12: =KMS!G7 -> 1213 | AF12: =NMS!C7 -> 1 | AG12: =NMS!G7 -> 924 | AH12: =Highpoint!C6 -> 0 | AI12: =KASE!D4 -> 60 | AK12: =AVERAGE(H12,J12,L12,N12,P12,R12,T12,V12,X12,Z12,AB12,AD12,AF12) -> 1
B13: =B12+450 -> 900 | C13: Day 2 | D13: 45517 | E13: Tuesday | G13: =I13+K13+M13+O13+Q13+S13+U13+W13+Y13+AA13+AC13+AE13+AG13+AI13+AH13 -> 10084 | H13: =CE!C8 -> 0.998 | I13: =CE!G8 -> 501 | J13: =GE!C8 -> 0.9965 | K13: =GE!G8 -> 571 | L13: =ME!C8 -> 0.9948 | M13: =ME!G8 -> 581 | N13: =SAMPLE!C8 -> 0.9911 | O13: =SAMPLE!G8 -> 559 | P13: ='Sheldon Elementary'!C8 -> 0.9878 | Q13: ='Sheldon Elementary'!D8 -> 572 | R13: =SLE!C8 -> 0.9813 | S13: =SLE!G8 -> 591 | T13: =CECA!C8 -> 0.9873 | U13: =CECA!G8 -> 485 | V13: =SECA!C8 -> 0.9886 | W13: =SECA!G8 -> 487 | X13: =KHS!C8 -> 0.9796 | Y13: =KHS!G8 -> 2447 | Z13: ='9TH CAMP'!C8 -> 0.976 | AA13: ='9TH CAMP'!G8 -> 541 | AB13: =ECHS!C8 -> 0.9911 | AC13: =ECHS!G8 -> 449 | AD13: =KMS!C8 -> 0.9851 | AE13: =KMS!G8 -> 1271 | AF13: =NMS!C8 -> 0.9668 | AG13: =NMS!G8 -> 964 | AH13: =Highpoint!C7 -> 0 | AI13: =KASE!D5 -> 65 | AK13: =AVERAGE(H13,J13,L13,N13,P13,R13,T13,V13,X13,Z13,AB13,AD13,AF13) -> 0.98646154
B14: =B13+450 -> 1350 | C14: Day 3 | D14: 45518 | E14: Wednesday | G14: =I14+K14+M14+O14+Q14+S14+U14+W14+Y14+AA14+AC14+AE14+AG14+AI14+AH14 -> 10300 | H14: =CE!C9 -> 0.9942 | I14: =CE!G9 -> 514 | J14: =GE!C9 -> 0.9826 | K14: =GE!G9 -> 575 | L14: =ME!C9 -> 0.9915 | M14: =ME!G9 -> 589 | N14: =SAMPLE!C9 -> 0.9772 | O14: =SAMPLE!G9 -> 570 | P14: ='Sheldon Elementary'!C9 -> 0.9757 | Q14: ='Sheldon Elementary'!D9 -> 577 | R14: =SLE!C9 -> 0.9832 | S14: =SLE!G9 -> 599 | T14: =CECA!C9 -> 0.9888 | U14: =CECA!G9 -> 493 | V14: =SECA!C9 -> 0.9809 | W14: =SECA!G9 -> 495 | X14: =KHS!C9 -> 0.9726 | Y14: =KHS!G9 -> 2520 | Z14: ='9TH CAMP'!C9 -> 0.9877 | AA14: ='9TH CAMP'!G9 -> 571 | AB14: =ECHS!C9 -> 0.9734 | AC14: =ECHS!G9 -> 451 | AD14: =KMS!C9 -> 0.983 | AE14: =KMS!G9 -> 1293 | AF14: =NMS!C9 -> 0.9695 | AG14: =NMS!G9 -> 986 | AH14: =Highpoint!C8 -> 0 | AI14: =KASE!D6 -> 67 | AK14: =AVERAGE(H14,J14,L14,N14,P14,R14,T14,V14,X14,Z14,AB14,AD14,AF14) -> 0.98156154
B15: =B14+450 -> 1800 | C15: Day 4 | D15: 45519 | E15: Thursday | G15: =I15+K15+M15+O15+Q15+S15+U15+W15+Y15+AA15+AC15+AE15+AG15+AI15+AH15 -> 9874 | H15: =CE!C10 -> 0 | I15: =CE!G10 -> 0 | J15: =GE!C10 -> 0.9861 | K15: =GE!G10 -> 576 | L15: =ME!C10 -> 0.9815 | M15: =ME!G10 -> 594 | N15: =SAMPLE!C10 -> 0.9774 | O15: =SAMPLE!G10 -> 576 | P15: ='Sheldon Elementary'!C10 -> 0.9743 | Q15: ='Sheldon Elementary'!D10 -> 583 | R15: =SLE!C10 -> 0.985 | S15: =SLE!G10 -> 604 | T15: =CECA!C10 -> 0.9667 | U15: =CECA!G10 -> 501 | V15: =SECA!C10 -> 0.946 | W15: =SECA!G10 -> 503 | X15: =KHS!C10 -> 0.9676 | Y15: =KHS!G10 -> 2529 | Z15: ='9TH CAMP'!C10 -> 0.9726 | AA15: ='9TH CAMP'!G10 -> 583 | AB15: =ECHS!C10 -> 0.9867 | AC15: =ECHS!G10 -> 452 | AD15: =KMS!C10 -> 0.9769 | AE15: =KMS!G10 -> 1301 | AF15: =NMS!C10 -> 0.9731 | AG15: =NMS!G10 -> 1002 | AH15: =Highpoint!C9 -> 0 | AI15: =KASE!D7 -> 70 | AK15: =AVERAGE(H15,J15,L15,N15,P15,R15,T15,V15,X15,Z15,AB15,AD15,AF15) -> 0.89953077
B16: =B15+450 -> 2250 | C16: Day 5 | D16: 45520 | E16: Friday | G16: =I16+K16+M16+O16+Q16+S16+U16+W16+Y16+AA16+AC16+AE16+AG16+AI16+AH16 -> 10438 | H16: =CE!C11 -> 0.9711 | I16: =CE!G11 -> 519 | J16: =GE!C11 -> 0.9587 | K16: =GE!G11 -> 581 | L16: =ME!C11 -> 0.9613 | M16: =ME!G11 -> 594 | N16: =SAMPLE!C11 -> 0.9652 | O16: =SAMPLE!G11 -> 577 | P16: ='Sheldon Elementary'!C11 -> 0.976 | Q16: ='Sheldon Elementary'!D11 -> 583 | R16: =SLE!C11 -> 0.9785 | S16: =SLE!G11 -> 608 | T16: =CECA!C11 -> 0.9407 | U16: =CECA!G11 -> 503 | V16: =SECA!C11 -> 0.9242 | W16: =SECA!G11 -> 515 | X16: =KHS!C11 -> 0.9555 | Y16: =KHS!G11 -> 2538 | Z16: ='9TH CAMP'!C11 -> 0.9503 | AA16: ='9TH CAMP'!G11 -> 583 | AB16: =ECHS!C11 -> 0.958 | AC16: =ECHS!G11 -> 452 | AD16: =KMS!C11 -> 0.9565 | AE16: =KMS!G11 -> 1310 | AF16: =NMS!C11 -> 0.9542 | AG16: =NMS!G11 -> 1004 | AH16: =Highpoint!C10 -> 0 | AI16: =KASE!D8 -> 71 | AK16: =AVERAGE(H16,J16,L16,N16,P16,R16,T16,V16,X16,Z16,AB16,AD16,AF16) -> 0.95770769
B17: =B16+450 -> 2700 | C17: Day 6 | D17: 45523 | E17: Monday | G17: =I17+K17+M17+O17+Q17+S17+U17+W17+Y17+AA17+AC17+AE17+AG17+AI17+AH17 -> 10570 | H17: =CE!C12 -> 0.9771 | I17: =CE!G12 -> 524 | J17: =GE!C12 -> 0.9464 | K17: =GE!G12 -> 597 | L17: =ME!C12 -> 0.9473 | M17: =ME!G12 -> 607 | N17: =SAMPLE!C12 -> 0.962 | O17: =SAMPLE!G12 -> 579 | P17: ='Sheldon Elementary'!C12 -> 0.9591 | Q17: ='Sheldon Elementary'!D12 -> 587 | R17: =SLE!C12 -> 0.9446 | S17: =SLE!G12 -> 614 | T17: =CECA!C12 -> 0.9329 | U17: =CECA!G12 -> 509 | V17: =SECA!C12 -> 0.9063 | W17: =SECA!G12 -> 529 | X17: =KHS!C12 -> 0.9541 | Y17: =KHS!G12 -> 2570 | Z17: ='9TH CAMP'!C12 -> 0.9557 | AA17: ='9TH CAMP'!G12 -> 587 | AB17: =ECHS!C12 -> 0.9648 | AC17: =ECHS!G12 -> 454 | AD17: =KMS!C12 -> 0.9697 | AE17: =KMS!G12 -> 1322 | AF17: =NMS!C12 -> 0.9606 | AG17: =NMS!G12 -> 1015 | AH17: =Highpoint!C11 -> 0 | AI17: =KASE!D9 -> 76 | AK17: =AVERAGE(H17,J17,L17,N17,P17,R17,T17,V17,X17,Z17,AB17,AD17,AF17) -> 0.95235385
B18: =B17+450 -> 3150 | C18: Day 7 | D18: 45524 | E18: Tuesday | G18: =I18+K18+M18+O18+Q18+S18+U18+W18+Y18+AA18+AC18+AE18+AG18+AI18+AH18 -> 10625 | H18: =CE!C13 -> 0.9716 | I18: =CE!G13 -> 529 | J18: =GE!C13 -> 0.975 | K18: =GE!G13 -> 599 | L18: =ME!C13 -> 0.9362 | M18: =ME!G13 -> 611 | N18: =SAMPLE!C13 -> 0.9639 | O18: =SAMPLE!G13 -> 582 | P18: ='Sheldon Elementary'!C13 -> 0.9474 | Q18: ='Sheldon Elementary'!D13 -> 589 | R18: =SLE!C13 -> 0.9642 | S18: =SLE!G13 -> 615 | T18: =CECA!C13 -> 0.9359 | U18: =CECA!G13 -> 514 | V18: =SECA!C13 -> 0.9302 | W18: =SECA!G13 -> 535 | X18: =KHS!C13 -> 0.9593 | Y18: =KHS!G13 -> 2580 | Z18: ='9TH CAMP'!C13 -> 0.9525 | AA18: ='9TH CAMP'!G13 -> 589 | AB18: =ECHS!C13 -> 0.9648 | AC18: =ECHS!G13 -> 454 | AD18: =KMS!C13 -> 0.9676 | AE18: =KMS!G13 -> 1327 | AF18: =NMS!C13 -> 0.9619 | AG18: =NMS!G13 -> 1024 | AH18: =Highpoint!C12 -> 0 | AI18: =KASE!D10 -> 77 | AK18: =AVERAGE(H18,J18,L18,N18,P18,R18,T18,V18,X18,Z18,AB18,AD18,AF18) -> 0.95619231
B19: =B18+450 -> 3600 | C19: Day 8 | D19: 45525 | E19: Wednesday | G19: =I19+K19+M19+O19+Q19+S19+U19+W19+Y19+AA19+AC19+AE19+AG19+AI19+AH19 -> 10682 | H19: =CE!C14 -> 0.966 | I19: =CE!G14 -> 530 | J19: =GE!C14 -> 0.9635 | K19: =GE!G14 -> 603 | L19: =ME!C14 -> 0.9378 | M19: =ME!G14 -> 611 | N19: =SAMPLE!C14 -> 0.9692 | O19: =SAMPLE!G14 -> 584 | P19: ='Sheldon Elementary'!C14 -> 0.9492 | Q19: ='Sheldon Elementary'!D14 -> 591 | R19: =SLE!C14 -> 0.9756 | S19: =SLE!G14 -> 616 | T19: =CECA!C14 -> 0.9293 | U19: =CECA!G14 -> 519 | V19: =SECA!C14 -> 0.9352 | W19: =SECA!G14 -> 540 | X19: =KHS!C14 -> 0.9625 | Y19: =KHS!G14 -> 2587 | Z19: ='9TH CAMP'!C14 -> 0.9695 | AA19: ='9TH CAMP'!G14 -> 590 | AB19: =ECHS!C14 -> 0.9758 | AC19: =ECHS!G14 -> 455 | AD19: =KMS!C14 -> 0.9482 | AE19: =KMS!G14 -> 1332 | AF19: =NMS!C14 -> 0.964 | AG19: =NMS!G14 -> 1027 | AH19: =Highpoint!C13 -> 0 | AI19: =KASE!D11 -> 97 | AK19: =AVERAGE(H19,J19,L19,N19,P19,R19,T19,V19,X19,Z19,AB19,AD19,AF19) -> 0.95736923
B20: =B19+450 -> 4050 | C20: Day 9 | D20: 45526 | E20: Thursday | G20: =I20+K20+M20+O20+Q20+S20+U20+W20+Y20+AA20+AC20+AE20+AG20+AI20+AH20 -> 10712 | H20: =CE!C15 -> 0.9718 | I20: =CE!G15 -> 531 | J20: =GE!C15 -> 0.9635 | K20: =GE!G15 -> 603 | L20: =ME!C15 -> 0.9575 | M20: =ME!G15 -> 612 | N20: =SAMPLE!C15 -> 0.9727 | O20: =SAMPLE!G15 -> 586 | P20: ='Sheldon Elementary'!C15 -> 0.9713 | Q20: ='Sheldon Elementary'!D15 -> 592 | R20: =SLE!C15 -> 0.966 | S20: =SLE!G15 -> 618 | T20: =CECA!C15 -> 0.9401 | U20: =CECA!G15 -> 520 | V20: =SECA!C15 -> 0.9316 | W20: =SECA!G15 -> 544 | X20: =KHS!C15 -> 0.9526 | Y20: =KHS!G15 -> 2594 | Z20: ='9TH CAMP'!C15 -> 0.9511 | AA20: ='9TH CAMP'!G15 -> 593 | AB20: =ECHS!C15 -> 0.9781 | AC20: =ECHS!G15 -> 456 | AD20: =KMS!C15 -> 0.964 | AE20: =KMS!G15 -> 1335 | AF20: =NMS!C15 -> 0.9573 | AG20: =NMS!G15 -> 1031 | AH20: =Highpoint!C14 -> 0 | AI20: =KASE!D12 -> 97 | AK20: =AVERAGE(H20,J20,L20,N20,P20,R20,T20,V20,X20,Z20,AB20,AD20,AF20) -> 0.95981538
B21: =B20+450 -> 4500 | C21: Day 10 | D21: 45527 | E21: Friday | G21: =I21+K21+M21+O21+Q21+S21+U21+W21+Y21+AA21+AC21+AE21+AG21+AI21+AH21 -> 10724 | H21: =CE!C16 -> 0.9455 | I21: =CE!G16 -> 532 | J21: =GE!C16 -> 0.932 | K21: =GE!G16 -> 603 | L21: =ME!C16 -> 0.9331 | M21: =ME!G16 -> 613 | N21: =SAMPLE!C16 -> 0.9608 | O21: =SAMPLE!G16 -> 586 | P21: ='Sheldon Elementary'!C16 -> 0.9356 | Q21: ='Sheldon Elementary'!D16 -> 590 | R21: =SLE!C16 -> 0.966 | S21: =SLE!G16 -> 619 | T21: =CECA!C16 -> 0.92 | U21: =CECA!G16 -> 523 | V21: =SECA!C16 -> 0.9234 | W21: =SECA!G16 -> 546 | X21: =KHS!C16 -> 0.9415 | Y21: =KHS!G16 -> 2597 | Z21: ='9TH CAMP'!C16 -> 0.9222 | AA21: ='9TH CAMP'!G16 -> 591 | AB21: =ECHS!C16 -> 0.9606 | AC21: =ECHS!G16 -> 457 | AD21: =KMS!C16 -> 0.9454 | AE21: =KMS!G16 -> 1338 | AF21: =NMS!C16 -> 0.9264 | AG21: =NMS!G16 -> 1033 | AH21: =Highpoint!C15 -> 0 | AI21: =KASE!D13 -> 96 | AK21: =AVERAGE(H21,J21,L21,N21,P21,R21,T21,V21,X21,Z21,AB21,AD21,AF21) -> 0.93942308
B22: =B21+450 -> 4950 | C22: Day 11 | D22: 45530 | E22: Monday | G22: =I22+K22+M22+O22+Q22+S22+U22+W22+Y22+AA22+AC22+AE22+AG22+AI22+AH22 -> 10766 | H22: =CE!C17 -> 0.9346 | I22: =CE!G17 -> 535 | J22: =GE!C17 -> 0.9536 | K22: =GE!G17 -> 603 | L22: =ME!C17 -> 0.9383 | M22: =ME!G17 -> 616 | N22: =SAMPLE!C17 -> 0.9573 | O22: =SAMPLE!G17 -> 586 | P22: ='Sheldon Elementary'!C17 -> 0.939 | Q22: ='Sheldon Elementary'!D17 -> 590 | R22: =SLE!C17 -> 0.9515 | S22: =SLE!G17 -> 618 | T22: =CECA!C17 -> 0.9308 | U22: =CECA!G17 -> 532 | V22: =SECA!C17 -> 0.9096 | W22: =SECA!G17 -> 549 | X22: =KHS!C17 -> 0.9451 | Y22: =KHS!G17 -> 2606 | Z22: ='9TH CAMP'!C17 -> 0.9546 | AA22: ='9TH CAMP'!G17 -> 595 | AB22: =ECHS!C17 -> 0.9694 | AC22: =ECHS!G17 -> 457 | AD22: =KMS!C17 -> 0.9487 | AE22: =KMS!G17 -> 1345 | AF22: =NMS!C17 -> 0.9335 | AG22: =NMS!G17 -> 1037 | AH22: =Highpoint!C16 -> 0 | AI22: =KASE!D14 -> 97 | AK22: =AVERAGE(H22,J22,L22,N22,P22,R22,T22,V22,X22,Z22,AB22,AD22,AF22) -> 0.94353846
B23: =B22+450 -> 5400 | C23: Day 12 | D23: 45531 | E23: Tuesday | G23: =I23+K23+M23+O23+Q23+S23+U23+W23+Y23+AA23+AC23+AE23+AG23+AI23+AH23 -> 10790 | H23: =CE!C18 -> 0.9533 | I23: =CE!G18 -> 535 | J23: =GE!C18 -> 0.9586 | K23: =GE!G18 -> 604 | L23: =ME!C18 -> 0.9693 | M23: =ME!G18 -> 618 | N23: =SAMPLE!C18 -> 0.9728 | O23: =SAMPLE!G18 -> 589 | P23: ='Sheldon Elementary'!C18 -> 0.9595 | Q23: ='Sheldon Elementary'!D18 -> 593 | R23: =SLE!C18 -> 0.9742 | S23: =SLE!G18 -> 619 | T23: =CECA!C18 -> 0.9413 | U23: =CECA!G18 -> 531 | V23: =SECA!C18 -> 0.9465 | W23: =SECA!G18 -> 552 | X23: =KHS!C18 -> 0.9437 | Y23: =KHS!G18 -> 2614 | Z23: ='9TH CAMP'!C18 -> 0.9429 | AA23: ='9TH CAMP'!G18 -> 595 | AB23: =ECHS!C18 -> 0.9561 | AC23: =ECHS!G18 -> 457 | AD23: =KMS!C18 -> 0.9629 | AE23: =KMS!G18 -> 1348 | AF23: =NMS!C18 -> 0.9374 | AG23: =NMS!G18 -> 1038 | AH23: =Highpoint!C17 -> 0 | AI23: =KASE!D15 -> 97 | AK23: =AVERAGE(H23,J23,L23,N23,P23,R23,T23,V23,X23,Z23,AB23,AD23,AF23) -> 0.95526923
B24: =B23+450 -> 5850 | C24: Day 13 | D24: 45532 | E24: Wednesday | G24: =I24+K24+M24+O24+Q24+S24+U24+W24+Y24+AA24+AC24+AE24+AG24+AI24+AH24 -> 10799 | H24: =CE!C19 -> 0.9572 | I24: =CE!G19 -> 538 | J24: =GE!C19 -> 0.9404 | K24: =GE!G19 -> 604 | L24: =ME!C19 -> 0.9595 | M24: =ME!G19 -> 618 | N24: =SAMPLE!C19 -> 0.9559 | O24: =SAMPLE!G19 -> 589 | P24: ='Sheldon Elementary'!C19 -> 0.9612 | Q24: ='Sheldon Elementary'!D19 -> 593 | R24: =SLE!C19 -> 0.9626 | S24: =SLE!G19 -> 620 | T24: =CECA!C19 -> 0.9394 | U24: =CECA!G19 -> 535 | V24: =SECA!C19 -> 0.9148 | W24: =SECA!G19 -> 555 | X24: =KHS!C19 -> 0.9495 | Y24: =KHS!G19 -> 2612 | Z24: ='9TH CAMP'!C19 -> 0.953 | AA24: ='9TH CAMP'!G19 -> 596 | AB24: =ECHS!C19 -> 0.9715 | AC24: =ECHS!G19 -> 456 | AD24: =KMS!C19 -> 0.9644 | AE24: =KMS!G19 -> 1348 | AF24: =NMS!C19 -> 0.947 | AG24: =NMS!G19 -> 1038 | AH24: =Highpoint!C18 -> 0 | AI24: =KASE!D16 -> 97 | AK24: =AVERAGE(H24,J24,L24,N24,P24,R24,T24,V24,X24,Z24,AB24,AD24,AF24) -> 0.95203077
... B26: =B25+450 -> 6750 | C26: Day 15 | D26: 45534 | E26: Friday | G26: =I26+K26+M26+O26+Q26+S26+U26+W26+Y26+AA26+AC26+AE26+AG26+AI26+AH26 -> 10816 | H26: =CE!C21 -> 0.9459 | I26: =CE!G21 -> 536 | J26: =GE!C21 -> 0.9272 | K26: =GE!G21 -> 604 | L26: =ME!C21 -> 0.9389 | M26: =ME!G21 -> 622 | N26: =SAMPLE!C21 -> 0.9627 | O26: =SAMPLE!G21 -> 590 | P26: ='Sheldon Elementary'!C21 -> 0.9359 | Q26: ='Sheldon Elementary'!D21 -> 593 | R26: =SLE!C21 -> 0.9468 | S26: =SLE!G21 -> 620 | T26: =CECA!C21 -> 0.909 | U26: =CECA!G21 -> 535 | V26: =SECA!C21 -> 0.8245 | W26: =SECA!G21 -> 556 | X26: =KHS!C21 -> 0.9347 | Y26: =KHS!G21 -> 2620 | Z26: ='9TH CAMP'!C21 -> 0.9048 | AA26: ='9TH CAMP'!G21 -> 599 | AB26: =ECHS!C21 -> 0.9649 | AC26: =ECHS!G21 -> 456 | AD26: =KMS!C21 -> 0.9466 | AE26: =KMS!G21 -> 1348 | AF26: =NMS!C21 -> 0.9327 | AG26: =NMS!G21 -> 1040 | AH26: =Highpoint!C20 -> 0 | AI26: =KASE!D18 -> 97 | AK26: =AVERAGE(H26,J26,L26,N26,P26,R26,T26,V26,X26,Z26,AB26,AD26,AF26) -> 0.92881538
A27: HOLIDAY | D27: 45537 | E27: Monday | AK27: =AVERAGE(H27,J27,L27,N27,P27,R27,T27,V27,X27,Z27,AB27,AD27,AF27) -> #DIV/0!
B28: =B26+450 -> 7200 | C28: Day 16 | D28: 45538 | E28: Tuesday | G28: =I28+K28+M28+O28+Q28+S28+U28+W28+Y28+AA28+AC28+AE28+AG28+AI28+AH28 -> 10845 | H28: =CE!C23 -> 0.9493 | I28: =CE!G23 -> 533 | J28: =GE!C23 -> 0.9423 | K28: =GE!G23 -> 607 | L28: =ME!C23 -> 0.9565 | M28: =ME!G23 -> 621 | N28: =SAMPLE!C23 -> 0.9576 | O28: =SAMPLE!G23 -> 598 | P28: ='Sheldon Elementary'!C23 -> 0.9327 | Q28: ='Sheldon Elementary'!D23 -> 594 | R28: =SLE!C23 -> 0.9583 | S28: =SLE!G23 -> 624 | T28: =CECA!C23 -> 0.9157 | U28: =CECA!G23 -> 542 | V28: =SECA!C23 -> 0.8897 | W28: =SECA!G23 -> 548 | X28: =KHS!C23 -> 0.939 | Y28: =KHS!G23 -> 2625 | Z28: ='9TH CAMP'!C23 -> 0.9533 | AA28: ='9TH CAMP'!G23 -> 599 | AB28: =ECHS!C23 -> 0.9649 | AC28: =ECHS!G23 -> 456 | AD28: =KMS!C23 -> 0.9528 | AE28: =KMS!G23 -> 1357 | AF28: =NMS!C23 -> 0.9511 | AG28: =NMS!G23 -> 1044 | AH28: =Highpoint!C22 -> 0 | AI28: =KASE!D20 -> 97 | AK28: =AVERAGE(H28,J28,L28,N28,P28,R28,T28,V28,X28,Z28,AB28,AD28,AF28) -> 0.94332308
B29: =B28+450 -> 7650 | C29: Day 17 | D29: 45539 | E29: Wednesday | G29: =I29+K29+M29+O29+Q29+S29+U29+W29+Y29+AA29+AC29+AE29+AG29+AI29+AH29 -> 10845 | H29: =CE!C24 -> 0.9605 | I29: =CE!G24 -> 532 | J29: =GE!C24 -> 0.9555 | K29: =GE!G24 -> 607 | L29: =ME!C24 -> 0.9647 | M29: =ME!G24 -> 623 | N29: =SAMPLE!C24 -> 0.9728 | O29: =SAMPLE!G24 -> 588 | P29: ='Sheldon Elementary'!C24 -> 0.9613 | Q29: ='Sheldon Elementary'!D24 -> 595 | R29: =SLE!C24 -> 0.9711 | S29: =SLE!G24 -> 622 | T29: =CECA!C24 -> 0.9199 | U29: =CECA!G24 -> 547 | V29: =SECA!C24 -> 0.9183 | W29: =SECA!G24 -> 551 | X29: =KHS!C24 -> 0.9455 | Y29: =KHS!G24 -> 2626 | Z29: ='9TH CAMP'!C24 -> 0.945 | AA29: ='9TH CAMP'!G24 -> 600 | AB29: =ECHS!C24 -> 0.9649 | AC29: =ECHS!G24 -> 456 | AD29: =KMS!C24 -> 0.9646 | AE29: =KMS!G24 -> 1357 | AF29: =NMS!C24 -> 0.9589 | AG29: =NMS!G24 -> 1044 | AH29: =Highpoint!C23 -> 0 | AI29: =KASE!D21 -> 97 | AK29: =AVERAGE(H29,J29,L29,N29,P29,R29,T29,V29,X29,Z29,AB29,AD29,AF29) -> 0.95407692
B30: =B29+450 -> 8100 | C30: Day 18 | D30: 45540 | E30: Thursday | G30: =I30+K30+M30+O30+Q30+S30+U30+W30+Y30+AA30+AC30+AE30+AG30+AI30+AH30 -> 10852 | H30: =CE!C25 -> 0.9586 | I30: =CE!G25 -> 532 | J30: =GE!C25 -> 0.9539 | K30: =GE!G25 -> 608 | L30: =ME!C25 -> 0.9663 | M30: =ME!G25 -> 623 | N30: =SAMPLE!C25 -> 0.9525 | O30: =SAMPLE!G25 -> 589 | P30: ='Sheldon Elementary'!C25 -> 0.9562 | Q30: ='Sheldon Elementary'!D25 -> 594 | R30: =SLE!C25 -> 0.9727 | S30: =SLE!G25 -> 622 | T30: =CECA!C25 -> 0.9441 | U30: =CECA!G25 -> 547 | V30: =SECA!C25 -> 0.9403 | W30: =SECA!G25 -> 553 | X30: =KHS!C25 -> 0.9441 | Y30: =KHS!G25 -> 2632 | Z30: ='9TH CAMP'!C25 -> 0.94 | AA30: ='9TH CAMP'!G25 -> 600 | AB30: =ECHS!C25 -> 0.9846 | AC30: =ECHS!G25 -> 455 | AD30: =KMS!C25 -> 0.9603 | AE30: =KMS!G25 -> 1359 | AF30: =NMS!C25 -> 0.9501 | AG30: =NMS!G25 -> 1042 | AH30: =Highpoint!C24 -> 0 | AI30: =KASE!D22 -> 96 | AK30: =AVERAGE(H30,J30,L30,N30,P30,R30,T30,V30,X30,Z30,AB30,AD30,AF30) -> 0.95566923
B31: =B30+450 -> 8550 | C31: Day 19 | D31: 45541 | E31: Friday | G31: =I31+K31+M31+O31+Q31+S31+U31+W31+Y31+AA31+AC31+AE31+AG31+AI31+AH31 -> 10856 | H31: =CE!C26 -> 0.9193 | I31: =CE!G26 -> 533 | J31: =GE!C26 -> 0.9391 | K31: =GE!G26 -> 608 | L31: =ME!C26 -> 0.9487 | M31: =ME!G26 -> 624 | N31: =SAMPLE!C26 -> 0.969 | O31: =SAMPLE!G26 -> 589 | P31: ='Sheldon Elementary'!C26 -> 0.9528 | Q31: ='Sheldon Elementary'!D26 -> 593 | R31: =SLE!C26 -> 0.9515 | S31: =SLE!G26 -> 622 | T31: =CECA!C26 -> 0.9146 | U31: =CECA!G26 -> 548 | V31: =SECA!C26 -> 0.9066 | W31: =SECA!G26 -> 553 | X31: =KHS!C26 -> 0.9176 | Y31: =KHS!G26 -> 2633 | Z31: ='9TH CAMP'!C26 -> 0.9318 | AA31: ='9TH CAMP'!G26 -> 601 | AB31: =ECHS!C26 -> 0.9604 | AC31: =ECHS!G26 -> 455 | AD31: =KMS!C26 -> 0.9479 | AE31: =KMS!G26 -> 1362 | AF31: =NMS!C26 -> 0.9452 | AG31: =NMS!G26 -> 1040 | AH31: =Highpoint!C25 -> 0 | AI31: =KASE!D23 -> 95 | AK31: =AVERAGE(H31,J31,L31,N31,P31,R31,T31,V31,X31,Z31,AB31,AD31,AF31) -> 0.93880769
B32: =B31+450 -> 9000 | C32: Day 20 | D32: 45544 | E32: Monday | G32: =I32+K32+M32+O32+Q32+S32+U32+W32+Y32+AA32+AC32+AE32+AG32+AI32+AH32 -> 10866 | H32: =CE!C27 -> 0.9606 | I32: =CE!G27 -> 533 | J32: =GE!C27 -> 0.9391 | K32: =GE!G27 -> 608 | L32: =ME!C27 -> 0.949 | M32: =ME!G27 -> 628 | N32: =SAMPLE!C27 -> 0.951 | O32: =SAMPLE!G27 -> 592 | P32: ='Sheldon Elementary'!C27 -> 0.9695 | Q32: ='Sheldon Elementary'!D27 -> 591 | R32: =SLE!C27 -> 0.9583 | S32: =SLE!G27 -> 623 | T32: =CECA!C27 -> 0.9362 | U32: =CECA!G27 -> 548 | V32: =SECA!C27 -> 0.9197 | W32: =SECA!G27 -> 553 | X32: =KHS!C27 -> 0.9419 | Y32: =KHS!G27 -> 2633 | Z32: ='9TH CAMP'!C27 -> 0.9554 | AA32: ='9TH CAMP'!G27 -> 605 | AB32: =ECHS!C27 -> 0.9714 | AC32: =ECHS!G27 -> 455 | AD32: =KMS!C27 -> 0.9655 | AE32: =KMS!G27 -> 1361 | AF32: =NMS!C27 -> 0.951 | AG32: =NMS!G27 -> 1040 | AH32: =Highpoint!C26 -> 0 | AI32: =KASE!D24 -> 96 | AK32: =AVERAGE(H32,J32,L32,N32,P32,R32,T32,V32,X32,Z32,AB32,AD32,AF32) -> 0.95143077
B33: =B32+450 -> 9450 | C33: Day 21 | D33: 45545 | E33: Tuesday | G33: =I33+K33+M33+O33+Q33+S33+U33+W33+Y33+AA33+AC33+AE33+AG33+AI33+AH33 -> 10883 | H33: =CE!C28 -> 0.9606 | I33: =CE!G28 -> 533 | J33: =GE!C28 -> 0.9622 | K33: =GE!G28 -> 607 | L33: =ME!C28 -> 0.949 | M33: =ME!G28 -> 628 | N33: =SAMPLE!C28 -> 0.9429 | O33: =SAMPLE!G28 -> 595 | P33: ='Sheldon Elementary'!C28 -> 0.9542 | Q33: ='Sheldon Elementary'!D28 -> 590 | R33: =SLE!C28 -> 0.9585 | S33: =SLE!G28 -> 627 | T33: =CECA!C28 -> 0.934 | U33: =CECA!G28 -> 549 | V33: =SECA!C28 -> 0.9273 | W33: =SECA!G28 -> 554 | X33: =KHS!C28 -> 0.9447 | Y33: =KHS!G28 -> 2638 | Z33: ='9TH CAMP'!C28 -> 0.9409 | AA33: ='9TH CAMP'!G28 -> 609 | AB33: =ECHS!C28 -> 0.9758 | AC33: =ECHS!G28 -> 455 | AD33: =KMS!C28 -> 0.9662 | AE33: =KMS!G28 -> 1361 | AF33: =NMS!C28 -> 0.9663 | AG33: =NMS!G28 -> 1041 | AH33: =Highpoint!C27 -> 0 | AI33: =KASE!D25 -> 96 | AK33: =AVERAGE(H33,J33,L33,N33,P33,R33,T33,V33,X33,Z33,AB33,AD33,AF33) -> 0.95250769
B34: =B33+450 -> 9900 | C34: Day 22 | D34: 45546 | E34: Wednesday | G34: =I34+K34+M34+O34+Q34+S34+U34+W34+Y34+AA34+AC34+AE34+AG34+AI34+AH34 -> 10894 | H34: =CE!C29 -> 0.9607 | I34: =CE!G29 -> 534 | J34: =GE!C29 -> 0.9557 | K34: =GE!G29 -> 609 | L34: =ME!C29 -> 0.9522 | M34: =ME!G29 -> 628 | N34: =SAMPLE!C29 -> 0.9412 | O34: =SAMPLE!G29 -> 595 | P34: ='Sheldon Elementary'!C29 -> 0.9492 | Q34: ='Sheldon Elementary'!D29 -> 590 | R34: =SLE!C29 -> 0.9522 | S34: =SLE!G29 -> 627 | T34: =CECA!C29 -> 0.9278 | U34: =CECA!G29 -> 554 | V34: =SECA!C29 -> 0.9207 | W34: =SECA!G29 -> 553 | X34: =KHS!C29 -> 0.9416 | Y34: =KHS!G29 -> 2638 | Z34: ='9TH CAMP'!C29 -> 0.9245 | AA34: ='9TH CAMP'!G29 -> 609 | AB34: =ECHS!C29 -> 0.978 | AC34: =ECHS!G29 -> 455 | AD34: =KMS!C29 -> 0.9574 | AE34: =KMS!G29 -> 1362 | AF34: =NMS!C29 -> 0.9482 | AG34: =NMS!G29 -> 1041 | AH34: =Highpoint!C28 -> 0 | AI34: =KASE!D26 -> 99 | AK34: =AVERAGE(H34,J34,L34,N34,P34,R34,T34,V34,X34,Z34,AB34,AD34,AF34) -> 0.94687692
B35: =B34+450 -> 10350 | C35: Day 23 | D35: 45547 | E35: Thursday | G35: =I35+K35+M35+O35+Q35+S35+U35+W35+Y35+AA35+AC35+AE35+AG35+AI35+AH35 -> 10895 | H35: =CE!C30 -> 0.9663 | I35: =CE!G30 -> 534 | J35: =GE!C30 -> 0.9541 | K35: =GE!G30 -> 610 | L35: =ME!C30 -> 0.9697 | M35: =ME!G30 -> 627 | N35: =SAMPLE!C30 -> 0.958 | O35: =SAMPLE!G30 -> 595 | P35: ='Sheldon Elementary'!C30 -> 0.9644 | Q35: ='Sheldon Elementary'!D30 -> 590 | R35: =SLE!C30 -> 0.9617 | S35: =SLE!G30 -> 627 | T35: =CECA!C30 -> 0.9438 | U35: =CECA!G30 -> 555 | V35: =SECA!C30 -> 0.9141 | W35: =SECA!G30 -> 553 | X35: =KHS!C30 -> 0.9522 | Y35: =KHS!G30 -> 2637 | Z35: ='9TH CAMP'!C30 -> 0.9475 | AA35: ='9TH CAMP'!G30 -> 609 | AB35: =ECHS!C30 -> 0.9736 | AC35: =ECHS!G30 -> 455 | AD35: =KMS!C30 -> 0.9633 | AE35: =KMS!G30 -> 1363 | AF35: =NMS!C30 -> 0.9482 | AG35: =NMS!G30 -> 1041 | AH35: =Highpoint!C29 -> 0 | AI35: =KASE!D27 -> 99 | AK35: =AVERAGE(H35,J35,L35,N35,P35,R35,T35,V35,X35,Z35,AB35,AD35,AF35) -> 0.95514615
B36: =B35+450 -> 10800 | C36: Day 24 | D36: 45548 | E36: Friday | G36: =I36+K36+M36+O36+Q36+S36+U36+W36+Y36+AA36+AC36+AE36+AG36+AI36+AH36 -> 10893 | H36: =CE!C31 -> 0.9438 | I36: =CE!G31 -> 534 | J36: =GE!C31 -> 0.9475 | K36: =GE!G31 -> 610 | L36: =ME!C31 -> 0.9442 | M36: =ME!G31 -> 627 | N36: =SAMPLE!C31 -> 0.9563 | O36: =SAMPLE!G31 -> 595 | P36: ='Sheldon Elementary'!C31 -> 0.9475 | Q36: ='Sheldon Elementary'!D31 -> 590 | R36: =SLE!C31 -> 0.9601 | S36: =SLE!G31 -> 626 | T36: =CECA!C31 -> 0.9131 | U36: =CECA!G31 -> 553 | V36: =SECA!C31 -> 0.8969 | W36: =SECA!G31 -> 554 | X36: =KHS!C31 -> 0.92 | Y36: =KHS!G31 -> 2636 | Z36: ='9TH CAMP'!C31 -> 0.8869 | AA36: ='9TH CAMP'!G31 -> 610 | AB36: =ECHS!C31 -> 0.9626 | AC36: =ECHS!G31 -> 455 | AD36: =KMS!C31 -> 0.9405 | AE36: =KMS!G31 -> 1362 | AF36: =NMS!C31 -> 0.9394 | AG36: =NMS!G31 -> 1041 | AH36: =Highpoint!C30 -> 0 | AI36: =KASE!D28 -> 100 | AK36: =AVERAGE(H36,J36,L36,N36,P36,R36,T36,V36,X36,Z36,AB36,AD36,AF36) -> 0.93529231
A37: PD DAY | D37: 45551 | E37: Monday | H37: =CE!C32 -> 0 | AK37: =AVERAGE(H37,J37,L37,N37,P37,R37,T37,V37,X37,Z37,AB37,AD37,AF37) -> 0
B38: =B36+450 -> 11250 | C38: Day 25 | D38: 45552 | E38: Tuesday | G38: =I38+K38+M38+O38+Q38+S38+U38+W38+Y38+AA38+AC38+AE38+AG38+AI38+AH38 -> 10909 | H38: =CE!C33 -> 0.9627 | I38: =CE!G33 -> 536 | J38: =GE!C33 -> 0.9671 | K38: =GE!G33 -> 607 | L38: =ME!C33 -> 0.9825 | M38: =ME!G33 -> 630 | N38: =SAMPLE!C33 -> 0.9599 | O38: =SAMPLE!G33 -> 598 | P38: ='Sheldon Elementary'!C33 -> 0.961 | Q38: ='Sheldon Elementary'!D33 -> 589 | R38: =SLE!C33 -> 0.9571 | S38: =SLE!G33 -> 628 | T38: =CECA!C33 -> 0.9438 | U38: =CECA!G33 -> 554 | V38: =SECA!C33 -> 0.9001 | W38: =SECA!G33 -> 555 | X38: =KHS!C33 -> 0.9428 | Y38: =KHS!G33 -> 2641 | Z38: ='9TH CAMP'!C33 -> 0.9444 | AA38: ='9TH CAMP'!G33 -> 611 | AB38: =ECHS!C33 -> 0.9802 | AC38: =ECHS!G33 -> 455 | AD38: =KMS!C33 -> 0.9596 | AE38: =KMS!G33 -> 1362 | AF38: =NMS!C33 -> 0.9587 | AG38: =NMS!G33 -> 1042 | AH38: =Highpoint!C32 -> 0 | AI38: =KASE!D30 -> 101 | AK38: =AVERAGE(H38,J38,L38,N38,P38,R38,T38,V38,X38,Z38,AB38,AD38,AF38) -> 0.95537692
B39: =B38+450 -> 11700 | C39: Day 26 | D39: 45553 | E39: Wednesday | G39: =I39+K39+M39+O39+Q39+S39+U39+W39+Y39+AA39+AC39+AE39+AG39+AI39+AH39 -> 10908 | H39: =CE!C34 -> 0.9757 | I39: =CE!G34 -> 536 | J39: =GE!C34 -> 0.9638 | K39: =GE!G34 -> 607 | L39: =ME!C34 -> 0.9825 | M39: =ME!G34 -> 630 | N39: =SAMPLE!C34 -> 0.9649 | O39: =SAMPLE!G34 -> 598 | P39: ='Sheldon Elementary'!C34 -> 0.9745 | Q39: ='Sheldon Elementary'!D34 -> 589 | R39: =SLE!C34 -> 0.9682 | S39: =SLE!G34 -> 628 | T39: =CECA!C34 -> 0.9245 | U39: =CECA!G34 -> 554 | V39: =SECA!C34 -> 0.9 | W39: =SECA!G34 -> 555 | X39: =KHS!C34 -> 0.9375 | Y39: =KHS!G34 -> 2641 | Z39: ='9TH CAMP'!C34 -> 0.9345 | AA39: ='9TH CAMP'!G34 -> 611 | AB39: =ECHS!C34 -> 0.9714 | AC39: =ECHS!G34 -> 455 | AD39: =KMS!C34 -> 0.9647 | AE39: =KMS!G34 -> 1361 | AF39: =NMS!C34 -> 0.9501 | AG39: =NMS!G34 -> 1042 | AH39: =Highpoint!C33 -> 0 | AI39: =KASE!D31 -> 101 | AK39: =AVERAGE(H39,J39,L39,N39,P39,R39,T39,V39,X39,Z39,AB39,AD39,AF39) -> 0.95479231
B40: =B39+450 -> 12150 | C40: Day 27 | D40: 45554 | E40: Thursday | G40: =I40+K40+M40+O40+Q40+S40+U40+W40+Y40+AA40+AC40+AE40+AG40+AI40+AH40 -> 10908 | H40: =CE!C35 -> 0.9683 | I40: =CE!G35 -> 536 | J40: =GE!C35 -> 0.9555 | K40: =GE!G35 -> 607 | L40: =ME!C35 -> 0.9667 | M40: =ME!G35 -> 630 | N40: =SAMPLE!C35 -> 0.9482 | O40: =SAMPLE!G35 -> 598 | P40: ='Sheldon Elementary'!C35 -> 0.9593 | Q40: ='Sheldon Elementary'!D35 -> 589 | R40: =SLE!C35 -> 0.9555 | S40: =SLE!G35 -> 628 | T40: =CECA!C35 -> 0.9122 | U40: =CECA!G35 -> 554 | V40: =SECA!C35 -> 0.8958 | W40: =SECA!G35 -> 555 | X40: =KHS!C35 -> 0.9375 | Y40: =KHS!G35 -> 2641 | Z40: ='9TH CAMP'!C35 -> 0.9296 | AA40: ='9TH CAMP'!G35 -> 611 | AB40: =ECHS!C35 -> 0.9692 | AC40: =ECHS!G35 -> 455 | AD40: =KMS!C35 -> 0.9721 | AE40: =KMS!G35 -> 1361 | AF40: =NMS!C35 -> 0.9415 | AG40: =NMS!G35 -> 1042 | AH40: =Highpoint!C34 -> 0 | AI40: =KASE!D32 -> 101 | AK40: =AVERAGE(H40,J40,L40,N40,P40,R40,T40,V40,X40,Z40,AB40,AD40,AF40) -> 0.94703077
B41: =B40+450 -> 12600 | C41: Day 28 | D41: 45555 | E41: Friday | G41: =I41+K41+M41+O41+Q41+S41+U41+W41+Y41+AA41+AC41+AE41+AG41+AI42+AH41 -> 10903 | H41: =CE!C36 -> 0.9366 | I41: =CE!G36 -> 536 | J41: =GE!C36 -> 0.8896 | K41: =GE!G36 -> 606 | L41: =ME!C36 -> 0.9413 | M41: =ME!G36 -> 630 | N41: =SAMPLE!C36 -> 0.9529 | O41: =SAMPLE!G36 -> 595 | P41: ='Sheldon Elementary'!C36 -> 0.944 | Q41: ='Sheldon Elementary'!D36 -> 589 | R41: =SLE!C36 -> 0.9475 | S41: =SLE!G36 -> 628 | T41: =CECA!C36 -> 0.9292 | U41: =CECA!G36 -> 555 | V41: =SECA!C36 -> 0.8915 | W41: =SECA!G36 -> 556 | X41: =KHS!C36 -> 0.9201 | Y41: =KHS!G36 -> 2641 | Z41: ='9TH CAMP'!C36 -> 0.9231 | AA41: ='9TH CAMP'!G36 -> 611 | AB41: =ECHS!C36 -> 0.9607 | AC41: =ECHS!G36 -> 455 | AD41: =KMS!C36 -> 0.955 | AE41: =KMS!G36 -> 1357 | AF41: =NMS!C36 -> 0.777 | AG41: =NMS!G36 -> 1043 | AH41: =Highpoint!C35 -> 0 | AI41: =KASE!D33 -> 101 | AK41: =AVERAGE(H41,J41,L41,N41,P41,R41,T41,V41,X41,Z41,AB41,AD41,AF41) -> 0.92065385
B42: =B41+450 -> 13050 | C42: Day 29 | D42: 45558 | E42: Monday | G42: =I42+K42+M42+O42+Q42+S42+U42+W42+Y42+AA42+AC42+AE42+AG42+AI43+AH42 -> 10916 | H42: =CE!C37 -> 0.9497 | I42: =CE!G37 -> 537 | J42: =GE!C37 -> 0.9539 | K42: =GE!G37 -> 608 | L42: =ME!C37 -> 0.9429 | M42: =ME!G37 -> 630 | N42: =SAMPLE!C37 -> 0.9447 | O42: =SAMPLE!G37 -> 597 | P42: ='Sheldon Elementary'!C37 -> 0.9542 | Q42: ='Sheldon Elementary'!D37 -> 590 | R42: =SLE!C37 -> 0.9475 | S42: =SLE!G37 -> 629 | T42: =CECA!C37 -> 0.9125 | U42: =CECA!G37 -> 557 | V42: =SECA!C37 -> 0.8915 | W42: =SECA!G37 -> 556 | X42: =KHS!C37 -> 0.9191 | Y42: =KHS!G37 -> 2644 | Z42: ='9TH CAMP'!C37 -> 0.9395 | AA42: ='9TH CAMP'!G37 -> 612 | AB42: =ECHS!C37 -> 0.965 | AC42: =ECHS!G37 -> 455 | AD42: =KMS!C37 -> 0.9507 | AE42: =KMS!G37 -> 1359 | AF42: =NMS!C37 -> 0.9462 | AG42: =NMS!G37 -> 1041 | AH42: =Highpoint!C36 -> 0 | AI42: =KASE!D34 -> 101 | AK42: =AVERAGE(H42,J42,L42,N42,P42,R42,T42,V42,X42,Z42,AB42,AD42,AF42) -> 0.9398
B43: =B42+450 -> 13500 | C43: Day 30 | D43: 45559 | E43: Tuesday | G43: =I43+K43+M43+O43+Q43+S43+U43+W43+Y43+AA43+AC43+AE43+AG43+AI44+AH43 -> 10921 | H43: =CE!C38 -> 0.9516 | I43: =CE!G38 -> 537 | J43: =GE!C38 -> 0.9605 | K43: =GE!G38 -> 608 | L43: =ME!C38 -> 0.9556 | M43: =ME!G38 -> 630 | N43: =SAMPLE!C38 -> 0.9765 | O43: =SAMPLE!G38 -> 597 | P43: ='Sheldon Elementary'!C38 -> 0.9695 | Q43: ='Sheldon Elementary'!D38 -> 590 | R43: =SLE!C38 -> 0.9602 | S43: =SLE!G38 -> 628 | T43: =CECA!C38 -> 0.9429 | U43: =CECA!G37 -> 557 | V43: =SECA!C38 -> 0.9328 | W43: =SECA!G38 -> 556 | X43: =KHS!C38 -> 0.9335 | Y43: =KHS!G38 -> 2648 | Z43: ='9TH CAMP'!C38 -> 0.9528 | AA43: ='9TH CAMP'!G38 -> 614 | AB43: =ECHS!C38 -> 0.9516 | AC43: =ECHS!G38 -> 455 | AD43: =KMS!C38 -> 0.9676 | AE43: =KMS!G38 -> 1359 | AF43: =NMS!C38 -> 0.9606 | AG43: =NMS!G38 -> 1041 | AH43: =Highpoint!C37 -> 0 | AI43: =KASE!D35 -> 101 | AK43: =AVERAGE(H43,J43,L43,N43,P43,R43,T43,V43,X43,Z43,AB43,AD43,AF43) -> 0.95505385
B44: =B43+450 -> 13950 | C44: Day 31 | D44: 45560 | E44: Wednesday | G44: =I44+K44+M44+O44+Q44+S44+U44+W44+Y44+AA44+AC44+AE44+AG44+AI45+AH44 -> 10924 | H44: =CE!C39 -> 0.9777 | I44: =CE!G39 -> 537 | J44: =GE!C39 -> 0.972 | K44: =GE!G39 -> 607 | L44: =ME!C39 -> 0.954 | M44: =ME!G39 -> 630 | N44: =SAMPLE!C39 -> 0.9548 | O44: =SAMPLE!G39 -> 598 | P44: ='Sheldon Elementary'!C39 -> 0.9662 | Q44: ='Sheldon Elementary'!D39 -> 592 | R44: =SLE!C39 -> 0.9745 | S44: =SLE!G39 -> 628 | T44: =CECA!C39 -> 0.9362 | U44: =CECA!G39 -> 558 | V44: =SECA!C39 -> 0.9382 | W44: =SECA!G39 -> 556 | X44: =KHS!C39 -> 0.9478 | Y44: =KHS!G39 -> 2646 | Z44: ='9TH CAMP'!C39 -> 0.9577 | AA44: ='9TH CAMP'!G39 -> 614 | AB44: =ECHS!C39 -> 0.9758 | AC44: =ECHS!G39 -> 455 | AD44: =KMS!C39 -> 0.9639 | AE44: =KMS!G39 -> 1359 | AF44: =NMS!C39 -> 0.9587 | AG44: =NMS!G39 -> 1040 | AH44: =Highpoint!C38 -> 0 | AI44: =KASE!D36 -> 101 | AK44: =AVERAGE(H44,J44,L44,N44,P44,R44,T44,V44,X44,Z44,AB44,AD44,AF44) -> 0.95980769
B45: =B44+450 -> 14400 | C45: Day 32 | D45: 45561 | E45: Thursday | G45: =I45+K45+M45+O45+Q45+S45+U45+W45+Y45+AA45+AC45+AE45+AG45+AI46+AH45 -> 10928 | H45: =CE!C40 -> 0.9702 | I45: =CE!G40 -> 537 | J45: =GE!C40 -> 0.9703 | K45: =GE!G40 -> 606 | L45: =ME!C40 -> 0.9286 | M45: =ME!G40 -> 630 | N45: =SAMPLE!C40 -> 0.9699 | O45: =SAMPLE!G40 -> 598 | P45: ='Sheldon Elementary'!C40 -> 0.9764 | Q45: ='Sheldon Elementary'!D40 -> 592 | R45: =SLE!C40 -> 0.9666 | S45: =SLE!G40 -> 628 | T45: =CECA!C40 -> 0.9552 | U45: =CECA!G40 -> 558 | V45: =SECA!C40 -> 0.9177 | W45: =SECA!G40 -> 558 | X45: =KHS!C40 -> 0.9377 | Y45: =KHS!G40 -> 2646 | Z45: ='9TH CAMP'!C40 -> 0.9414 | AA45: ='9TH CAMP'!G40 -> 614 | AB45: =ECHS!C40 -> 0.9736 | AC45: =ECHS!G40 -> 455 | AD45: =KMS!C40 -> 0.9625 | AE45: =KMS!G40 -> 1360 | AF45: =NMS!C40 -> 0.9549 | AG45: =NMS!G40 -> 1042 | AH45: =Highpoint!C39 -> 0 | AI45: =KASE!D37 -> 104 | AK45: =AVERAGE(H45,J45,L45,N45,P45,R45,T45,V45,X45,Z45,AB45,AD45,AF45) -> 0.95576923
B46: =B45+450 -> 14850 | C46: Day 33 | D46: 45562 | E46: Friday | G46: =I46+K46+M46+O46+Q46+S46+U46+W46+Y46+AA46+AC46+AE46+AG46+AI47+AH46 -> 10933 | H46: =CE!C41 -> 0.9367 | I46: =CE!G41 -> 537 | J46: =GE!C41 -> 0.9391 | K46: =GE!G41 -> 608 | L46: =ME!C41 -> 0.9524 | M46: =ME!G41 -> 630 | N46: =SAMPLE!C41 -> 0.9632 | O46: =SAMPLE!G41 -> 598 | P46: ='Sheldon Elementary'!C41 -> 0.9459 | Q46: ='Sheldon Elementary'!D41 -> 592 | R46: =SLE!C41 -> 0.9443 | S46: =SLE!G41 -> 628 | T46: =CECA!C41 -> 0.9194 | U46: =CECA!G41 -> 558 | V46: =SECA!C41 -> 0.8658 | W46: =SECA!G41 -> 557 | X46: =KHS!C41 -> 0.9253 | Y46: =KHS!G41 -> 2650 | Z46: ='9TH CAMP'!C41 -> 0.9251 | AA46: ='9TH CAMP'!G41 -> 614 | AB46: =ECHS!C41 -> 0.967 | AC46: =ECHS!G41 -> 455 | AD46: =KMS!C41 -> 0.9478 | AE46: =KMS!G41 -> 1359 | AF46: =NMS!C41 -> 0.9569 | AG46: =NMS!G41 -> 1043 | AH46: =Highpoint!C40 -> 0 | AI46: =KASE!D38 -> 104 | AK46: =AVERAGE(H46,J46,L46,N46,P46,R46,T46,V46,X46,Z46,AB46,AD46,AF46) -> 0.93760769
B47: =B46+450 -> 15300 | C47: Day 34 | D47: 45565 | E47: Monday | G47: =I47+K47+M47+O47+Q47+S47+U47+W47+Y47+AA47+AC47+AE47+AG47+AI48+AH47 -> 10935 | H47: =CE!C42 -> 0.9481 | I47: =CE!G42 -> 539 | J47: =GE!C42 -> 0.9456 | K47: =GE!G42 -> 607 | L47: =ME!C42 -> 0.9395 | M47: =ME!G42 -> 628 | N47: =SAMPLE!C42 -> 0.948 | O47: =SAMPLE!G42 -> 596 | P47: ='Sheldon Elementary'!C42 -> 0.9459 | Q47: ='Sheldon Elementary'!D42 -> 592 | R47: =SLE!C42 -> 0.9411 | S47: =SLE!G42 -> 628 | T47: =CECA!C42 -> 0.9283 | U47: =CECA!G42 -> 558 | V47: =SECA!C42 -> 0.9167 | W47: =SECA!G42 -> 558 | X47: =KHS!C42 -> 0.9337 | Y47: =KHS!G42 -> 2653 | Z47: ='9TH CAMP'!C42 -> 0.9592 | AA47: ='9TH CAMP'!G42 -> 613 | AB47: =ECHS!C42 -> 0.9586 | AC47: =ECHS!G42 -> 455 | AD47: =KMS!C42 -> 0.953 | AE47: =KMS!G42 -> 1361 | AF47: =NMS!C42 -> 0.9578 | AG47: =NMS!G42 -> 1042 | AH47: =Highpoint!C41 -> 0 | AI47: =KASE!D39 -> 104 | AK47: =AVERAGE(H47,J47,L47,N47,P47,R47,T47,V47,X47,Z47,AB47,AD47,AF47) -> 0.94426923
B48: =B47+450 -> 15750 | C48: Day 35 | D48: 45566 | E48: Tuesday | G48: =I48+K48+M48+O48+Q48+S48+U48+W48+Y48+AA48+AC48+AE48+AG48+AI49+AH48 -> 10938 | H48: =CE!C43 -> 0.9722 | I48: =CE!G43 -> 539 | J48: =GE!C43 -> 0.9457 | K48: =GE!G43 -> 607 | L48: =ME!C43 -> 0.965 | M48: =ME!G43 -> 628 | N48: =SAMPLE!C43 -> 0.9682 | O48: =SAMPLE!G43 -> 598 | P48: ='Sheldon Elementary'!C43 -> 0.9542 | Q48: ='Sheldon Elementary'!D43 -> 592 | R48: =SLE!C43 -> 0.9522 | S48: =SLE!G43 -> 627 | T48: =CECA!C43 -> 0.9258 | U48: =CECA!G43 -> 558 | V48: =SECA!C43 -> 0.9316 | W48: =SECA!G43 -> 559 | X48: =KHS!C43 -> 0.9397 | Y48: =KHS!G43 -> 2652 | Z48: ='9TH CAMP'!C43 -> 0.956 | AA48: ='9TH CAMP'!G43 -> 614 | AB48: =ECHS!C43 -> 0.9758 | AC48: =ECHS!G43 -> 455 | AD48: =KMS!C43 -> 0.964 | AE48: =KMS!G43 -> 1361 | AF48: =NMS!C43 -> 0.9636 | AG48: =NMS!G43 -> 1043 | AH48: =Highpoint!C42 -> 0 | AI48: =KASE!D40 -> 105 | AK48: =AVERAGE(H48,J48,L48,N48,P48,R48,T48,V48,X48,Z48,AB48,AD48,AF48) -> 0.95492308
B49: =B48+450 -> 16200 | C49: Day 36 | D49: 45567 | E49: Wednesday | G49: =I49+K49+M49+O49+Q49+S49+U49+W49+Y49+AA49+AC49+AE49+AG49+AI50+AH49 -> 10945 | H49: =CE!C44 -> 0.9703 | I49: =CE!G44 -> 539 | J49: =GE!C44 -> 0.9539 | K49: =GE!G44 -> 607 | L49: =ME!C44 -> 0.9571 | M49: =ME!G44 -> 629 | N49: =SAMPLE!C44 -> 0.9566 | O49: =SAMPLE!G44 -> 598 | P49: ='Sheldon Elementary'!C44 -> 0.9779 | Q49: ='Sheldon Elementary'!D44 -> 590 | R49: =SLE!C44 -> 0.9713 | S49: =SLE!G44 -> 628 | T49: =CECA!C44 -> 0.9193 | U49: =CECA!G44 -> 558 | V49: =SECA!C44 -> 0.933 | W49: =SECA!G44 -> 559 | X49: =KHS!C44 -> 0.9371 | Y49: =KHS!G44 -> 2655 | Z49: ='9TH CAMP'!C44 -> 0.9628 | AA49: ='9TH CAMP'!G44 -> 618 | AB49: =ECHS!C44 -> 0.967 | AC49: =ECHS!G44 -> 455 | AD49: =KMS!C44 -> 0.9685 | AE49: =KMS!G44 -> 1363 | AF49: =NMS!C44 -> 0.9645 | AG49: =NMS!G44 -> 1043 | AH49: =Highpoint!C43 -> 0 | AI49: =KASE!D41 -> 105 | AK49: =AVERAGE(H49,J49,L49,N49,P49,R49,T49,V49,X49,Z49,AB49,AD49,AF49) -> 0.95686923
B50: =B49+450 -> 16650 | C50: Day 37 | D50: 45568 | E50: Thursday | G50: =I50+K50+M50+O50+Q50+S50+U50+W50+Y50+AA50+AC50+AE50+AG50+AI51+AH50 -> 10947 | H50: =CE!C45 -> 0.9666 | I50: =CE!G45 -> 539 | J50: =GE!C45 -> 0.9507 | K50: =GE!G45 -> 607 | L50: =ME!C45 -> 0.9459 | M50: =ME!G45 -> 629 | N50: =SAMPLE!C45 -> 0.9632 | O50: =SAMPLE!G45 -> 598 | P50: ='Sheldon Elementary'!C45 -> 0.9779 | Q50: ='Sheldon Elementary'!D45 -> 590 | R50: =SLE!C45 -> 0.9697 | S50: =SLE!G45 -> 628 | T50: =CECA!C45 -> 0.9148 | U50: =CECA!G45 -> 558 | V50: =SECA!C45 -> 0.9374 | W50: =SECA!G45 -> 559 | X50: =KHS!C45 -> 0.9413 | Y50: =KHS!G45 -> 2656 | Z50: ='9TH CAMP'!C45 -> 0.9369 | AA50: ='9TH CAMP'!G45 -> 618 | AB50: =ECHS!C45 -> 0.9846 | AC50: =ECHS!G45 -> 455 | AD50: =KMS!C45 -> 0.964 | AE50: =KMS!G45 -> 1363 | AF50: =NMS!C45 -> 0.9569 | AG50: =NMS!G45 -> 1044 | AH50: =Highpoint!C44 -> 0 | AI50: =KASE!D42 -> 103 | AK50: =AVERAGE(H50,J50,L50,N50,P50,R50,T50,V50,X50,Z50,AB50,AD50,AF50) -> 0.95460769
B51: =B50+450 -> 17100 | C51: Day 38 | D51: 45569 | E51: Friday | G51: =I51+K51+M51+O51+Q51+S51+U51+W51+Y51+AA51+AC51+AE51+AG51+AI52+AH51 -> 10845 | H51: =CE!C46 -> 0.9295 | I51: =CE!G46 -> 539 | J51: =GE!C46 -> 0.9211 | K51: =GE!G46 -> 607 | L51: =ME!C46 -> 0.93 | M51: =ME!G46 -> 629 | N51: =SAMPLE!C46 -> 0.913 | O51: =SAMPLE!G46 -> 598 | P51: ='Sheldon Elementary'!C46 -> 0.9593 | Q51: ='Sheldon Elementary'!D46 -> 591 | R51: =SLE!C46 -> 0.9188 | S51: =SLE!G46 -> 628 | T51: =CECA!C46 -> 0.8818 | U51: =CECA!G46 -> 558 | V51: =SECA!C46 -> 0.9125 | W51: =SECA!G46 -> 559 | X51: =KHS!C46 -> 0.9209 | Y51: =KHS!G46 -> 2656 | Z51: ='9TH CAMP'!C46 -> 0.9465 | AA51: ='9TH CAMP'!G46 -> 617 | AB51: =ECHS!C46 -> 0.956 | AC51: =ECHS!G46 -> 455 | AD51: =KMS!C46 -> 0.9406 | AE51: =KMS!G46 -> 1363 | AF51: =NMS!C46 -> 0.934 | AG51: =NMS!G46 -> 1045 | AH51: =Highpoint!C45 -> 0 | AI51: =KASE!D43 -> 103 | AK51: =AVERAGE(H51,J51,L51,N51,P51,R51,T51,V51,X51,Z51,AB51,AD51,AF51) -> 0.928
A52: BREAK | D52: 45572 | E52: Monday | AK52: =AVERAGE(H52,J52,L52,N52,P52,R52,T52,V52,X52,Z52,AB52,AD52,AF52) -> #DIV/0!
A53: BREAK | D53: 45573 | E53: Tuesday | AK53: =AVERAGE(H53,J53,L53,N53,P53,R53,T53,V53,X53,Z53,AB53,AD53,AF53) -> #DIV/0!
A54: BREAK | D54: 45574 | E54: Wednesday | AK54: =AVERAGE(H54,J54,L54,N54,P54,R54,T54,V54,X54,Z54,AB54,AD54,AF54) -> #DIV/0!
A55: BREAK | D55: 45575 | E55: Thursday | AK55: =AVERAGE(H55,J55,L55,N55,P55,R55,T55,V55,X55,Z55,AB55,AD55,AF55) -> #DIV/0!
A56: BREAK | D56: 45576 | E56: Friday | AK56: =AVERAGE(H56,J56,L56,N56,P56,R56,T56,V56,X56,Z56,AB56,AD56,AF56) -> #DIV/0!
B57: =B51+450 -> 17550 | C57: Day 39 | D57: 45579 | E57: Monday | G57: =I57+K57+M57+O57+Q57+S57+U57+W57+Y57+AA57+AC57+AE57+AG57+AI57+AH57 -> 10945 | H57: =CE!C52 -> 0.937 | I57: =CE!G52 -> 540 | J57: =GE!C52 -> 0.9276 | K57: =GE!G52 -> 608 | L57: =ME!C52 -> 0.9222 | M57: =ME!G52 -> 630 | N57: =SAMPLE!C52 -> 0.9252 | O57: =SAMPLE!G52 -> 602 | P57: ='Sheldon Elementary'!C52 -> 0.9032 | Q57: ='Sheldon Elementary'!D52 -> 590 | R57: =SLE!C52 -> 0.9219 | S57: =SLE!G52 -> 625 | T57: =CECA!C52 -> 0.9127 | U57: =CECA!G52 -> 559 | V57: =SECA!C52 -> 0.9193 | W57: =SECA!G52 -> 561 | X57: =KHS!C52 -> 0.9252 | Y57: =KHS!G52 -> 2646 | Z57: ='9TH CAMP'!C52 -> 0.9144 | AA57: ='9TH CAMP'!G52 -> 619 | AB57: =ECHS!C52 -> 0.9516 | AC57: =ECHS!G52 -> 455 | AD57: =KMS!C52 -> 0.942 | AE57: =KMS!G52 -> 1363 | AF57: =NMS!C52 -> 0.9186 | AG57: =NMS!G52 -> 1044 | AH57: =Highpoint!C52 -> 0 | AI57: =KASE!D49 -> 103 | AK57: =AVERAGE(H57,J57,L57,N57,P57,R57,T57,V57,X57,Z57,AB57,AD57,AF57) -> 0.92468462
B58: =B57+450 -> 18000 | C58: Day 40 | D58: 45580 | E58: Tuesday | G58: =I58+K58+M58+O58+Q58+S58+U58+W58+Y58+AA58+AC58+AE58+AG58+AI58+AH58 -> 10940 | H58: =CE!C53 -> 0.9537 | I58: =CE!G53 -> 540 | J58: =GE!C53 -> 0.9622 | K58: =GE!G53 -> 608 | L58: =ME!C53 -> 0.9413 | M58: =ME!G53 -> 630 | N58: =SAMPLE!C53 -> 0.9602 | O58: =SAMPLE!G53 -> 603 | P58: ='Sheldon Elementary'!C53 -> 0.9676 | Q58: ='Sheldon Elementary'!D53 -> 586 | R58: =SLE!C53 -> 0.9506 | S58: =SLE!G53 -> 626 | T58: =CECA!C53 -> 0.9431 | U58: =CECA!G53 -> 557 | V58: =SECA!C53 -> 0.958 | W58: =SECA!G53 -> 562 | X58: =KHS!C53 -> 0.9394 | Y58: =KHS!G53 -> 2642 | Z58: ='9TH CAMP'!C53 -> 0.9628 | AA58: ='9TH CAMP'!G53 -> 618 | AB58: =ECHS!C53 -> 0.9626 | AC58: =ECHS!G53 -> 455 | AD58: =KMS!C53 -> 0.9611 | AE58: =KMS!G53 -> 1363 | AF58: =NMS!C53 -> 0.9504 | AG58: =NMS!G53 -> 1047 | AH58: =Highpoint!C53 -> 0 | AI58: =KASE!D50 -> 103 | AK58: =AVERAGE(H58,J58,L58,N58,P58,R58,T58,V58,X58,Z58,AB58,AD58,AF58) -> 0.95484615
B59: =B58+450 -> 18450 | C59: Day 41 | D59: 45581 | E59: Wednesday | G59: =I59+K59+M59+O59+Q59+S59+U59+W59+Y59+AA59+AC59+AE59+AG59+AI59+AH59 -> 10938 | H59: =CE!C54 -> 0.963 | I59: =CE!G54 -> 540 | J59: =GE!C54 -> 0.9572 | K59: =GE!G54 -> 607 | L59: =ME!C54 -> 0.9556 | M59: =ME!G54 -> 630 | N59: =SAMPLE!C54 -> 0.9735 | O59: =SAMPLE!G54 -> 604 | P59: ='Sheldon Elementary'!C54 -> 0.9623 | Q59: ='Sheldon Elementary'!D54 -> 584 | R59: =SLE!C54 -> 0.9601 | S59: =SLE!G54 -> 626 | T59: =CECA!C54 -> 0.9545 | U59: =CECA!G54 -> 557 | V59: =SECA!C54 -> 0.9374 | W59: =SECA!G54 -> 560 | X59: =KHS!C54 -> 0.9617 | Y59: =KHS!G54 -> 2640 | Z59: ='9TH CAMP'!C54 -> 0.9079 | AA59: ='9TH CAMP'!G54 -> 619 | AB59: =ECHS!C54 -> 0.9868 | AC59: =ECHS!G54 -> 455 | AD59: =KMS!C54 -> 0.9685 | AE59: =KMS!G54 -> 1364 | AF59: =NMS!C54 -> 0.9561 | AG59: =NMS!G54 -> 1048 | AH59: =Highpoint!C54 -> 0 | AI59: =KASE!D51 -> 104 | AK59: =AVERAGE(H59,J59,L59,N59,P59,R59,T59,V59,X59,Z59,AB59,AD59,AF59) -> 0.95727692
B60: =B59+450 -> 18900 | C60: Day 42 | D60: 45582 | E60: Thursday | G60: =I60+K60+M60+O60+Q60+S60+U60+W60+Y60+AA60+AC60+AE60+AG60+AI60+AH60 -> 10940 | H60: =CE!C55 -> 0.9519 | I60: =CE!G55 -> 540 | J60: =GE!C55 -> 0.9621 | K60: =GE!G55 -> 607 | L60: =ME!C55 -> 0.9652 | M60: =ME!G55 -> 632 | N60: =SAMPLE!C55 -> 0.9649 | O60: =SAMPLE!G55 -> 604 | P60: ='Sheldon Elementary'!C55 -> 0.9366 | Q60: ='Sheldon Elementary'!D55 -> 584 | R60: =SLE!C55 -> 0.9456 | S60: =SLE!G55 -> 625 | T60: =CECA!C55 -> 0.9499 | U60: =CECA!G55 -> 557 | V60: =SECA!C55 -> 0.9557 | W60: =SECA!G55 -> 560 | X60: =KHS!C55 -> 0.9387 | Y60: =KHS!G55 -> 2641 | Z60: ='9TH CAMP'!C55 -> 0.9337 | AA60: ='9TH CAMP'!G55 -> 618 | AB60: =ECHS!C55 -> 0.9736 | AC60: =ECHS!G55 -> 455 | AD60: =KMS!C55 -> 0.9685 | AE60: =KMS!G55 -> 1364 | AF60: =NMS!C55 -> 0.9399 | AG60: =NMS!G55 -> 1048 | AH60: =Highpoint!C55 -> 0 | AI60: =KASE!D52 -> 105 | AK60: =AVERAGE(H60,J60,L60,N60,P60,R60,T60,V60,X60,Z60,AB60,AD60,AF60) -> 0.95279231
B61: =B60+450 -> 19350 | C61: Day 43 | D61: 45583 | E61: Friday | G61: =I61+K61+M61+O61+Q61+S61+U61+W61+Y61+AA61+AC61+AE61+AG61+AI61+AH61 -> 10934 | H61: =CE!C56 -> 0.9349 | I61: =CE!G56 -> 538 | J61: =GE!C56 -> 0.9274 | K61: =GE!G56 -> 607 | L61: =ME!C56 -> 0.9589 | M61: =ME!G56 -> 633 | N61: =SAMPLE!C56 -> 0.9454 | O61: =SAMPLE!G56 -> 604 | P61: ='Sheldon Elementary'!C56 -> 0.9332 | Q61: ='Sheldon Elementary'!D56 -> 584 | R61: =SLE!C56 -> 0.9396 | S61: =SLE!G56 -> 629 | T61: =CECA!C56 -> 0.9214 | U61: =CECA!G56 -> 557 | V61: =SECA!C56 -> 0.9211 | W61: =SECA!G56 -> 559 | X61: =KHS!C56 -> 0.9261 | Y61: =KHS!G56 -> 2640 | Z61: ='9TH CAMP'!C56 -> 0.919 | AA61: ='9TH CAMP'!G56 -> 617 | AB61: =ECHS!C56 -> 0.967 | AC61: =ECHS!G56 -> 455 | AD61: =KMS!C56 -> 0.9567 | AE61: =KMS!G56 -> 1362 | AF61: =NMS!C56 -> 0.9321 | AG61: =NMS!G56 -> 1045 | AH61: =Highpoint!C56 -> 0 | AI61: =KASE!D53 -> 104 | AK61: =AVERAGE(H61,J61,L61,N61,P61,R61,T61,V61,X61,Z61,AB61,AD61,AF61) -> 0.93713846
B62: =B61+450 -> 19800 | C62: Day 44 | D62: 45586 | E62: Monday | G62: =I62+K62+M62+O62+Q62+S62+U62+W62+Y62+AA62+AC62+AE62+AG62+AI62+AH62 -> 10932 | H62: =CE!C57 -> 0.9271 | I62: =CE!G57 -> 535 | J62: =GE!C57 -> 0.9473 | K62: =GE!G57 -> 607 | L62: =ME!C57 -> 0.9416 | M62: =ME!G57 -> 634 | N62: =SAMPLE!C57 -> 0.9455 | O62: =SAMPLE!G57 -> 605 | P62: ='Sheldon Elementary'!C57 -> 0.9452 | Q62: ='Sheldon Elementary'!D57 -> 584 | R62: =SLE!C57 -> 0.9395 | S62: =SLE!G57 -> 628 | T62: =CECA!C57 -> 0.9396 | U62: =CECA!G57 -> 557 | V62: =SECA!C57 -> 0.928 | W62: =SECA!G57 -> 561 | X62: =KHS!C57 -> 0.9341 | Y62: =KHS!G57 -> 2639 | Z62: ='9TH CAMP'!C57 -> 0.9384 | AA62: ='9TH CAMP'!G57 -> 617 | AB62: =ECHS!C57 -> 0.9582 | AC62: =ECHS!G57 -> 455 | AD62: =KMS!C57 -> 0.9639 | AE62: =KMS!G57 -> 1358 | AF62: =NMS!C57 -> 0.9323 | AG62: =NMS!G57 -> 1048 | AH62: =Highpoint!C57 -> 0 | AI62: =KASE!D54 -> 104 | AK62: =AVERAGE(H62,J62,L62,N62,P62,R62,T62,V62,X62,Z62,AB62,AD62,AF62) -> 0.94159231
B63: =B62+450 -> 20250 | C63: Day 45 | D63: 45587 | E63: Tuesday | G63: =I63+K63+M63+O63+Q63+S63+U63+W63+Y63+AA63+AC63+AE63+AG63+AI63+AH63 -> #REF! | H63: =CE!C58 -> 0.9384 | I63: =CE!G58 -> 536 | J63: =GE!C58 -> 0.9621 | K63: =#REF! -> #REF! | L63: =ME!C58 -> 0.9621 | M63: =ME!G58 -> 634 | N63: =SAMPLE!C58 -> 0.9636 | O63: =SAMPLE!G58 -> 605 | P63: ='Sheldon Elementary'!C58 -> 0.959 | Q63: ='Sheldon Elementary'!D58 -> 585 | R63: =SLE!C58 -> 0.965 | S63: =SLE!G58 -> 628 | T63: =CECA!C58 -> 0.9409 | U63: =CECA!G58 -> 558 | V63: =SECA!C58 -> 0.9731 | W63: =SECA!G58 -> 561 | X63: =KHS!C58 -> 0.9435 | Y63: =KHS!G58 -> 2638 | Z63: ='9TH CAMP'!C58 -> 0.9419 | AA63: ='9TH CAMP'!G58 -> 620 | AB63: =ECHS!C58 -> 0.9626 | AC63: =ECHS!G58 -> 455 | AD63: =KMS!C58 -> 0.9536 | AE63: =KMS!G58 -> 1359 | AF63: =NMS!C58 -> 0.9466 | AG63: =NMS!G58 -> 1048 | AH63: =Highpoint!C58 -> 0 | AI63: =KASE!D55 -> 104 | AK63: =AVERAGE(H63,J63,L63,N63,P63,R63,T63,V63,X63,Z63,AB63,AD63,AF63) -> 0.9548
B64: =B63+450 -> 20700 | C64: Day 46 | D64: 45588 | E64: Wednesday | G64: =I64+K64+M64+O64+Q64+S64+U64+W64+Y64+AA64+AC64+AE64+AG64+AI64+AH64 -> 10944 | H64: =CE!C59 -> 0.9757 | I64: =CE!G59 -> 536 | J64: =GE!C59 -> 0.9671 | K64: =GE!G58 -> 607 | L64: =ME!C59 -> 0.9637 | M64: =ME!G59 -> 634 | N64: =SAMPLE!C59 -> 0.9572 | O64: =SAMPLE!G59 -> 607 | P64: ='Sheldon Elementary'!C59 -> 0.9453 | Q64: ='Sheldon Elementary'!D59 -> 585 | R64: =SLE!C59 -> 0.9554 | S64: =SLE!G59 -> 628 | T64: =CECA!C59 -> 0.9273 | U64: =CECA!G59 -> 558 | V64: =SECA!C59 -> 0.9549 | W64: =SECA!G59 -> 562 | X64: =KHS!C59 -> 0.9322 | Y64: =KHS!G59 -> 2640 | Z64: ='9TH CAMP'!C59 -> 0.9403 | AA64: ='9TH CAMP'!G59 -> 620 | AB64: =ECHS!C59 -> 0.9495 | AC64: =ECHS!G59 -> 455 | AD64: =KMS!C59 -> 0.9618 | AE64: =KMS!G59 -> 1360 | AF64: =NMS!C59 -> 0.9504 | AG64: =NMS!G59 -> 1048 | AH64: =Highpoint!C59 -> 0 | AI64: =KASE!D56 -> 104 | AK64: =AVERAGE(H64,J64,L64,N64,P64,R64,T64,V64,X64,Z64,AB64,AD64,AF64) -> 0.95236923
B65: =B64+450 -> 21150 | C65: Day 47 | D65: 45589 | E65: Thursday | G65: =I65+K65+M65+O65+Q65+S65+U65+W65+Y65+AA65+AC65+AE65+AG65+AI65+AH65 -> 10937 | H65: =CE!C60 -> 0.9664 | I65: =CE!G60 -> 536 | J65: =GE!C60 -> 0.9439 | K65: =GE!G60 -> 606 | L65: =ME!C60 -> 0.9638 | M65: =ME!G60 -> 635 | N65: =SAMPLE!C60 -> 0.9621 | O65: =SAMPLE!G60 -> 607 | P65: ='Sheldon Elementary'!C60 -> 0.9573 | Q65: ='Sheldon Elementary'!D60 -> 585 | R65: =SLE!C60 -> 0.9646 | S65: =SLE!G60 -> 622 | T65: =CECA!C60 -> 0.9432 | U65: =CECA!G60 -> 558 | V65: =SECA!C60 -> 0.9484 | W65: =SECA!G60 -> 562 | X65: =KHS!C60 -> 0.9272 | Y65: =KHS!G60 -> 2639 | Z65: ='9TH CAMP'!C60 -> 0.9306 | AA65: ='9TH CAMP'!G60 -> 620 | AB65: =ECHS!C60 -> 0.9451 | AC65: =ECHS!G60 -> 455 | AD65: =KMS!C60 -> 0.961 | AE65: =KMS!G60 -> 1359 | AF65: =NMS!C60 -> 0.9514 | AG65: =NMS!G60 -> 1049 | AH65: =Highpoint!C60 -> 0 | AI65: =KASE!D57 -> 104 | AK65: =AVERAGE(H65,J65,L65,N65,P65,R65,T65,V65,X65,Z65,AB65,AD65,AF65) -> 0.95115385
B66: =B65+450 -> 21600 | C66: Day 48 | D66: 45590 | E66: Friday | G66: =I66+K66+M66+O66+Q66+S66+U66+W66+Y66+AA66+AC66+AE66+AG66+AI66+AH66 -> 10938 | H66: =CE!C61 -> 0.9515 | I66: =CE!G61 -> 536 | J66: =GE!C61 -> 0.9142 | K66: =GE!G61 -> 606 | L66: =ME!C61 -> 0.9449 | M66: =ME!G61 -> 635 | N66: =SAMPLE!C61 -> 0.9489 | O66: =SAMPLE!G61 -> 607 | P66: ='Sheldon Elementary'!C61 -> 0.9419 | Q66: ='Sheldon Elementary'!D61 -> 585 | R66: =SLE!C61 -> 0.9389 | S66: =SLE!G61 -> 622 | T66: =CECA!C61 -> 0.908 | U66: =CECA!G61 -> 558 | V66: =SECA!C61 -> 0.9248 | W66: =SECA!G61 -> 562 | X66: =KHS!C61 -> 0.9303 | Y66: =KHS!G61 -> 2639 | Z66: ='9TH CAMP'!C61 -> 0.9258 | AA66: ='9TH CAMP'!G61 -> 620 | AB66: =ECHS!C61 -> 0.9604 | AC66: =ECHS!G61 -> 455 | AD66: =KMS!C61 -> 0.9382 | AE66: =KMS!G61 -> 1359 | AF66: =NMS!C61 -> 0.9133 | AG66: =NMS!G61 -> 1050 | AH66: =Highpoint!C61 -> 0 | AI66: =KASE!D58 -> 104 | AK66: =AVERAGE(H66,J66,L66,N66,P66,R66,T66,V66,X66,Z66,AB66,AD66,AF66) -> 0.93393077
B67: =B66+450 -> 22050 | C67: Day 49 | D67: 45593 | E67: Monday | G67: =I67+K67+M67+O67+Q67+S67+U67+W67+Y67+AA67+AC67+AE67+AG67+AI67+AH67 -> 10936 | H67: =CE!C62 -> 0.9515 | I67: =CE!G62 -> 536 | J67: =GE!C62 -> 0.9421 | K67: =GE!G62 -> 605 | L67: =ME!C62 -> 0.9369 | M67: =ME!G62 -> 634 | N67: =SAMPLE!C62 -> 0.9637 | O67: =SAMPLE!G62 -> 606 | P67: ='Sheldon Elementary'!C62 -> 0.9505 | Q67: ='Sheldon Elementary'!D62 -> 587 | R67: =SLE!C62 -> 0.9373 | S67: =SLE!G62 -> 621 | T67: =CECA!C62 -> 0.9086 | U67: =CECA!G62 -> 555 | V67: =SECA!C62 -> 0.8982 | W67: =SECA!G62 -> 563 | X67: =KHS!C62 -> 0.9257 | Y67: =KHS!G62 -> 2639 | Z67: ='9TH CAMP'!C62 -> 0.9501 | AA67: ='9TH CAMP'!G62 -> 621 | AB67: =ECHS!C62 -> 0.9429 | AC67: =ECHS!G62 -> 455 | AD67: =KMS!C62 -> 0.95 | AE67: =KMS!G62 -> 1361 | AF67: =NMS!C62 -> 0.9476 | AG67: =NMS!G62 -> 1048 | AH67: =Highpoint!C62 -> 0 | AI67: =KASE!D59 -> 105 | AK67: =AVERAGE(H67,J67,L67,N67,P67,R67,T67,V67,X67,Z67,AB67,AD67,AF67) -> 0.93885385
B68: =B67+450 -> 22500 | C68: Day 50 | D68: 45594 | E68: Tuesday | G68: =I68+K68+M68+O68+Q68+S68+U68+W68+Y68+AA68+AC68+AE68+AG68+AI68+AH68 -> 10930 | H68: =CE!C63 -> 0.9646 | I68: =CE!G63 -> 536 | J68: =GE!C63 -> 0.9669 | K68: =GE!G63 -> 604 | L68: =ME!C63 -> 0.9496 | M68: =ME!G63 -> 634 | N68: =SAMPLE!C63 -> 0.9603 | O68: =SAMPLE!G63 -> 605 | P68: ='Sheldon Elementary'!C63 -> 0.9573 | Q68: ='Sheldon Elementary'!D63 -> 586 | R68: =SLE!C63 -> 0.9758 | S68: =SLE!G63 -> 621 | T68: =CECA!C63 -> 0.919 | U68: =CECA!G63 -> 556 | V68: =SECA!C63 -> 0.9452 | W68: =SECA!G63 -> 562 | X68: =KHS!C63 -> 0.9371 | Y68: =KHS!G63 -> 2639 | Z68: ='9TH CAMP'!C63 -> 0.9402 | AA68: ='9TH CAMP'!G63 -> 619 | AB68: =ECHS!C63 -> 0.9802 | AC68: =ECHS!G63 -> 455 | AD68: =KMS!C63 -> 0.9669 | AE68: =KMS!G63 -> 1360 | AF68: =NMS!C63 -> 0.958 | AG68: =NMS!G63 -> 1048 | AH68: =Highpoint!C63 -> 0 | AI68: =KASE!D60 -> 105 | AK68: =AVERAGE(H68,J68,L68,N68,P68,R68,T68,V68,X68,Z68,AB68,AD68,AF68) -> 0.95546923
B69: =B68+450 -> 22950 | C69: Day 51 | D69: 45595 | E69: Wednesday | G69: =I69+K69+M69+O69+Q69+S69+U69+W69+Y69+AA69+AC69+AE69+AG69+AI69+AH69 -> 10931 | H69: =CE!C64 -> 0.9551 | I69: =CE!G64 -> 535 | J69: =GE!C64 -> 0.9554 | K69: =GE!G64 -> 606 | L69: =ME!C64 -> 0.9591 | M69: =ME!G64 -> 634 | N69: =SAMPLE!C64 -> 0.9736 | O69: =SAMPLE!G64 -> 605 | P69: ='Sheldon Elementary'!C64 -> 0.9472 | Q69: ='Sheldon Elementary'!D64 -> 587 | R69: =SLE!C64 -> 0.963 | S69: =SLE!G64 -> 622 | T69: =CECA!C64 -> 0.9359 | U69: =CECA!G64 -> 556 | V69: =SECA!C64 -> 0.9422 | W69: =SECA!G64 -> 564 | X69: =KHS!C64 -> 0.9375 | Y69: =KHS!G64 -> 2638 | Z69: ='9TH CAMP'!C64 -> 0.95 | AA69: ='9TH CAMP'!G64 -> 620 | AB69: =ECHS!C64 -> 0.9714 | AC69: =ECHS!G64 -> 455 | AD69: =KMS!C64 -> 0.9691 | AE69: =KMS!G64 -> 1358 | AF69: =NMS!C64 -> 0.9494 | AG69: =NMS!G64 -> 1048 | AH69: =Highpoint!C64 -> 0 | AI69: =KASE!D61 -> 103 | AK69: =AVERAGE(H69,J69,L69,N69,P69,R69,T69,V69,X69,Z69,AB69,AD69,AF69) -> 0.95453077
B70: =B69+450 -> 23400 | C70: Day 52 | D70: 45596 | E70: Thursday | G70: =I70+K70+M70+O70+Q70+S70+U70+W70+Y70+AA70+AC70+AE70+AG70+AI70+AH70 -> 10930 | H70: =CE!C65 -> 0.9682 | I70: =CE!G65 -> 535 | J70: =GE!C65 -> 0.9455 | K70: =GE!G65 -> 606 | L70: =ME!C65 -> 0.9512 | M70: =ME!G65 -> 636 | N70: =SAMPLE!C65 -> 0.9571 | O70: =SAMPLE!G65 -> 606 | P70: ='Sheldon Elementary'!C65 -> 0.9506 | Q70: ='Sheldon Elementary'!D65 -> 587 | R70: =SLE!C65 -> 0.9614 | S70: =SLE!G65 -> 622 | T70: =CECA!C65 -> 0.9167 | U70: =CECA!G65 -> 555 | V70: =SECA!C65 -> 0.9251 | W70: =SECA!G65 -> 565 | X70: =KHS!C65 -> 0.9332 | Y70: =KHS!G65 -> 2635 | Z70: ='9TH CAMP'!C65 -> 0.937 | AA70: ='9TH CAMP'!G65 -> 619 | AB70: =ECHS!C65 -> 0.9736 | AC70: =ECHS!G65 -> 455 | AD70: =KMS!C65 -> 0.9566 | AE70: =KMS!G65 -> 1358 | AF70: =NMS!C65 -> 0.939 | AG70: =NMS!G65 -> 1048 | AH70: =Highpoint!C65 -> 0 | AI70: =KASE!D62 -> 103 | AK70: =AVERAGE(H70,J70,L70,N70,P70,R70,T70,V70,X70,Z70,AB70,AD70,AF70) -> 0.94732308
B71: =B70+450 -> 23850 | C71: Day 53 | D71: 45597 | E71: Friday | G71: =I71+K71+M71+O71+Q71+S71+U71+W71+Y71+AA71+AC71+AE71+AG71+AI71+AH71 -> 10925 | H71: =CE!C66 -> 0.9028 | I71: =CE!G66 -> 535 | J71: =GE!C66 -> 0.9026 | K71: =GE!G66 -> 606 | L71: =ME!C66 -> 0.8866 | M71: =ME!G66 -> 635 | N71: =SAMPLE!C66 -> 0.9124 | O71: =SAMPLE!G66 -> 605 | P71: ='Sheldon Elementary'!C66 -> 0.8433 | Q71: ='Sheldon Elementary'!D66 -> 587 | R71: =SLE!C66 -> 0.9148 | S71: =SLE!G66 -> 622 | T71: =CECA!C66 -> 0.8781 | U71: =CECA!G66 -> 556 | V71: =SECA!C66 -> 0.8952 | W71: =SECA!G66 -> 565 | X71: =KHS!C66 -> 0.8865 | Y71: =KHS!G66 -> 2635 | Z71: ='9TH CAMP'!C66 -> 0.8916 | AA71: ='9TH CAMP'!G66 -> 618 | AB71: =ECHS!C66 -> 0.9604 | AC71: =ECHS!G66 -> 455 | AD71: =KMS!C66 -> 0.9204 | AE71: =KMS!G66 -> 1356 | AF71: =NMS!C66 -> 0.894 | AG71: =NMS!G66 -> 1047 | AH71: =Highpoint!C66 -> 0 | AI71: =KASE!D63 -> 103 | AK71: =AVERAGE(H71,J71,L71,N71,P71,R71,T71,V71,X71,Z71,AB71,AD71,AF71) -> 0.89913077
A72: PD DAY | D72: 45600 | E72: Monday | AH72: =Highpoint!C67 -> 0 | AK72: =AVERAGE(H72,J72,L72,N72,P72,R72,T72,V72,X72,Z72,AB72,AD72,AF72) -> #DIV/0!
A73: PD DAY | D73: 45601 | E73: Tuesday | AH73: =Highpoint!C68 -> 0 | AK73: =AVERAGE(H73,J73,L73,N73,P73,R73,T73,V73,X73,Z73,AB73,AD73,AF73) -> #DIV/0!
B74: =B71+450 -> 24300 | C74: Day 54 | D74: 45602 | E74: Wednesday | G74: =I74+K74+M74+O74+Q74+S74+U74+W74+Y74+AA74+AC74+AE74+AG74+AI74+AH74 -> 10879 | H74: =CE!C69 -> 0.9551 | I74: =CE!G69 -> 535 | J74: =GE!C69 -> 0.9636 | K74: =GE!G69 -> 605 | L74: =ME!C69 -> 0.97 | M74: =ME!G69 -> 634 | N74: =SAMPLE!C69 -> 0.9638 | O74: =SAMPLE!G69 -> 607 | P74: ='Sheldon Elementary'!C69 -> 0.9456 | Q74: ='Sheldon Elementary'!D69 -> 588 | R74: =SLE!C69 -> 0.9437 | S74: =SLE!G69 -> 622 | T74: =CECA!C69 -> 0.9221 | U74: =CECA!G69 -> 560 | V74: =SECA!C69 -> 0.94 | W74: =SECA!G69 -> 565 | X74: =KHS!C69 -> 0.9408 | Y74: =KHS!G69 -> 2634 | Z74: ='9TH CAMP'!C69 -> 0.9511 | AA74: ='9TH CAMP'!G69 -> 613 | AB74: =ECHS!C69 -> 0.9846 | AC74: =ECHS!G69 -> 455 | AD74: =KMS!C69 -> 0.9676 | AE74: =KMS!G69 -> 1312 | AF74: =NMS!C69 -> 0.9608 | AG74: =NMS!G69 -> 1046 | AH74: =Highpoint!C69 -> 0 | AI74: =KASE!D66 -> 103 | AK74: =AVERAGE(H74,J74,L74,N74,P74,R74,T74,V74,X74,Z74,AB74,AD74,AF74) -> 0.95452308
B75: =B74+450 -> 24750 | C75: Day 55 | D75: 45603 | E75: Thursday | G75: =I75+K75+M75+O75+Q75+S75+U75+W75+Y75+AA75+AC75+AE75+AG75+AI75+AH75 -> 10921 | H75: =CE!C70 -> 0.9605 | I75: =CE!G70 -> 532 | J75: =GE!C70 -> 0.9834 | K75: =GE!G70 -> 604 | L75: =ME!C70 -> 0.9779 | M75: =ME!G70 -> 634 | N75: =SAMPLE!C70 -> 0.9605 | O75: =SAMPLE!G70 -> 607 | P75: ='Sheldon Elementary'!C70 -> 0.9745 | Q75: ='Sheldon Elementary'!D70 -> 588 | R75: =SLE!C70 -> 0.9727 | S75: =SLE!G70 -> 622 | T75: =CECA!C70 -> 0.9167 | U75: =CECA!G70 -> 561 | V75: =SECA!C70 -> 0.9326 | W75: =SECA!G70 -> 566 | X75: =KHS!C70 -> 0.9146 | Y75: =KHS!G70 -> 2635 | Z75: ='9TH CAMP'!C70 -> 0.9494 | AA75: ='9TH CAMP'!G70 -> 613 | AB75: =ECHS!C70 -> 0.9802 | AC75: =ECHS!G70 -> 455 | AD75: =KMS!C70 -> 0.9646 | AE75: =KMS!G70 -> 1355 | AF75: =NMS!C70 -> 0.9646 | AG75: =NMS!G70 -> 1046 | AH75: =Highpoint!C70 -> 0 | AI75: =KASE!D67 -> 103 | AK75: =AVERAGE(H75,J75,L75,N75,P75,R75,T75,V75,X75,Z75,AB75,AD75,AF75) -> 0.95786154
B76: =B75+450 -> 25200 | C76: Day 56 | D76: 45604 | E76: Friday | G76: =I76+K76+M76+O76+Q76+S76+U76+W76+Y76+AA76+AC76+AE76+AG76+AI76+AH76 -> 10919 | H76: =CE!C71 -> 0.953 | I76: =CE!G71 -> 532 | J76: =GE!C71 -> 0.9437 | K76: =GE!G71 -> 604 | L76: =ME!C71 -> 0.9543 | M76: =ME!G71 -> 634 | N76: =SAMPLE!C71 -> 0.9604 | O76: =SAMPLE!G71 -> 606 | P76: ='Sheldon Elementary'!C71 -> 0.9677 | Q76: ='Sheldon Elementary'!D71 -> 589 | R76: =SLE!C71 -> 0.9551 | S76: =SLE!G71 -> 623 | T76: =CECA!C71 -> 0.8919 | U76: =CECA!G71 -> 561 | V76: =SECA!C71 -> 0.9323 | W76: =SECA!G71 -> 563 | X76: =KHS!C71 -> 0.9161 | Y76: =KHS!G71 -> 2635 | Z76: ='9TH CAMP'!C71 -> 0.9301 | AA76: ='9TH CAMP'!G71 -> 615 | AB76: =ECHS!C71 -> 0.9582 | AC76: =ECHS!G71 -> 455 | AD76: =KMS!C71 -> 0.9535 | AE76: =KMS!G71 -> 1354 | AF76: =NMS!C71 -> 0.9407 | AG76: =NMS!G71 -> 1045 | AH76: =Highpoint!C71 -> 0 | AI76: =KASE!D68 -> 103 | AK76: =AVERAGE(H76,J76,L76,N76,P76,R76,T76,V76,X76,Z76,AB76,AD76,AF76) -> 0.94284615
B77: =B76+450 -> 25650 | C77: Day 57 | D77: 45607 | E77: Monday | G77: =I77+K77+M77+O77+Q77+S77+U77+W77+Y77+AA77+AC77+AE77+AG77+AI77+AH77 -> 10920 | H77: =CE!C72 -> 0.953 | I77: =CE!G72 -> 532 | J77: =GE!C72 -> 0.9437 | K77: =GE!G72 -> 604 | L77: =ME!C72 -> 0.9386 | M77: =ME!G72 -> 635 | N77: =SAMPLE!C72 -> 0.9175 | O77: =SAMPLE!G72 -> 606 | P77: ='Sheldon Elementary'!C72 -> 0.9543 | Q77: ='Sheldon Elementary'!D72 -> 591 | R77: =SLE!C72 -> 0.939 | S77: =SLE!G72 -> 622 | T77: =CECA!C72 -> 0.9279 | U77: =CECA!G72 -> 561 | V77: =SECA!C72 -> 0.913 | W77: =SECA!G72 -> 563 | X77: =KHS!C72 -> 0.9302 | Y77: =KHS!G72 -> 2635 | Z77: ='9TH CAMP'!C72 -> 0.9235 | AA77: ='9TH CAMP'!G72 -> 614 | AB77: =ECHS!C72 -> 0.9407 | AC77: =ECHS!G72 -> 455 | AD77: =KMS!C72 -> 0.9506 | AE77: =KMS!G72 -> 1356 | AF77: =NMS!C72 -> 0.9281 | AG77: =NMS!G72 -> 1043 | AH77: =Highpoint!C72 -> 0 | AI77: =KASE!D69 -> 103 | AK77: =AVERAGE(H77,J77,L77,N77,P77,R77,T77,V77,X77,Z77,AB77,AD77,AF77) -> 0.93539231
B78: =B77+450 -> 26100 | C78: Day 58 | D78: 45608 | E78: Tuesday | G78: =I78+K78+M78+O78+Q78+S78+U78+W78+Y78+AA78+AC78+AE78+AG78+AI78+AH78 -> 10918 | H78: =CE!C73 -> 0.949 | I78: =CE!G73 -> 529 | J78: =GE!C73 -> 0.9603 | K78: =GE!G73 -> 604 | L78: =ME!C73 -> 0.9654 | M78: =ME!G73 -> 635 | N78: =SAMPLE!C73 -> 0.9521 | O78: =SAMPLE!G73 -> 605 | P78: ='Sheldon Elementary'!C73 -> 0.9509 | Q78: ='Sheldon Elementary'!D73 -> 591 | R78: =SLE!C73 -> 0.9727 | S78: =SLE!G73 -> 622 | T78: =CECA!C73 -> 0.9447 | U78: =CECA!G73 -> 560 | V78: =SECA!C73 -> 0.9276 | W78: =SECA!G73 -> 563 | X78: =KHS!C73 -> 0.9321 | Y78: =KHS!G73 -> 2635 | Z78: ='9TH CAMP'!C73 -> 0.9383 | AA78: ='9TH CAMP'!G73 -> 616 | AB78: =ECHS!C73 -> 0.9361 | AC78: =ECHS!G73 -> 454 | AD78: =KMS!C73 -> 0.9683 | AE78: =KMS!G73 -> 1357 | AF78: =NMS!C73 -> 0.9492 | AG78: =NMS!G73 -> 1044 | AH78: =Highpoint!C73 -> 0 | AI78: =KASE!D70 -> 103 | AK78: =AVERAGE(H78,J78,L78,N78,P78,R78,T78,V78,X78,Z78,AB78,AD78,AF78) -> 0.94974615
B79: =B78+450 -> 26550 | C79: Day 59 | D79: 45609 | E79: Wednesday | G79: =I79+K79+M79+O79+Q79+S79+U79+W79+Y79+AA79+AC79+AE79+AG79+AI79+AH79 -> 10913 | H79: =CE!C74 -> 0.9641 | I79: =CE!G74 -> 529 | J79: =GE!C74 -> 0.9735 | K79: =GE!G74 -> 604 | L79: =ME!C74 -> 0.9622 | M79: =ME!G74 -> 635 | N79: =SAMPLE!C74 -> 0.967 | O79: =SAMPLE!G74 -> 606 | P79: ='Sheldon Elementary'!C74 -> 0.9594 | Q79: ='Sheldon Elementary'!D74 -> 591 | R79: =SLE!C74 -> 0.9726 | S79: =SLE!G74 -> 620 | T79: =CECA!C74 -> 0.9255 | U79: =CECA!G74 -> 560 | V79: =SECA!C74 -> 0.921 | W79: =SECA!G74 -> 561 | X79: =KHS!C74 -> 0.9442 | Y79: =KHS!G74 -> 2634 | Z79: ='9TH CAMP'!C74 -> 0.9397 | AA79: ='9TH CAMP'!G74 -> 614 | AB79: =ECHS!C74 -> 0.9537 | AC79: =ECHS!G74 -> 454 | AD79: =KMS!C74 -> 0.9447 | AE79: =KMS!G74 -> 1357 | AF79: =NMS!C74 -> 0.9417 | AG79: =NMS!G74 -> 1045 | AH79: =Highpoint!C74 -> 0 | AI79: =KASE!D71 -> 103 | AK79: =AVERAGE(H79,J79,L79,N79,P79,R79,T79,V79,X79,Z79,AB79,AD79,AF79) -> 0.95148462
B80: =B79+450 -> 27000 | C80: Day 60 | D80: 45610 | E80: Thursday | G80: =I80+K80+M80+O80+Q80+S80+U80+W80+Y80+AA80+AC80+AE80+AG80+AI80+AH80 -> 10915 | H80: =CE!C75 -> 0.949 | I80: =CE!G75 -> 529 | J80: =GE!C75 -> 0.9669 | K80: =GE!G75 -> 604 | L80: =ME!C75 -> 0.967 | M80: =ME!G75 -> 637 | N80: =SAMPLE!C75 -> 0.9505 | O80: =SAMPLE!G75 -> 606 | P80: ='Sheldon Elementary'!C75 -> 0.9289 | Q80: ='Sheldon Elementary'!D75 -> 591 | R80: =SLE!C75 -> 0.963 | S80: =SLE!G75 -> 621 | T80: =CECA!C75 -> 0.92 | U80: =CECA!G75 -> 560 | V80: =SECA!C75 -> 0.8938 | W80: =SECA!G75 -> 562 | X80: =KHS!C75 -> 0.937 | Y80: =KHS!G75 -> 2634 | Z80: ='9TH CAMP'!C75 -> 0.93 | AA80: ='9TH CAMP'!G75 -> 614 | AB80: =ECHS!C75 -> 0.9648 | AC80: =ECHS!G75 -> 454 | AD80: =KMS!C75 -> 0.9492 | AE80: =KMS!G75 -> 1357 | AF80: =NMS!C75 -> 0.931 | AG80: =NMS!G75 -> 1043 | AH80: =Highpoint!C75 -> 0 | AI80: =KASE!D72 -> 103 | AK80: =AVERAGE(H80,J80,L80,N80,P80,R80,T80,V80,X80,Z80,AB80,AD80,AF80) -> 0.94239231
B81: =B80+450 -> 27450 | C81: Day 61 | D81: 45611 | E81: Friday | G81: =I81+K81+M81+O81+Q81+S81+U81+W81+Y81+AA81+AC81+AE81+AG81+AI81+AH81 -> 10912 | H81: =CE!C76 -> 0.9527 | I81: =CE!G76 -> 529 | J81: =GE!C76 -> 0.9354 | K81: =GE!G76 -> 604 | L81: =ME!C76 -> 0.9356 | M81: =ME!G76 -> 637 | N81: =SAMPLE!C76 -> 0.9257 | O81: =SAMPLE!G76 -> 606 | P81: ='Sheldon Elementary'!C76 -> 0.8985 | Q81: ='Sheldon Elementary'!D76 -> 591 | R81: =SLE!C76 -> 0.9243 | S81: =SLE!G76 -> 621 | T81: =CECA!C76 -> 0.911 | U81: =CECA!G76 -> 560 | V81: =SECA!C76 -> 0.8917 | W81: =SECA!G76 -> 562 | X81: =KHS!C76 -> 0.9207 | Y81: =KHS!G76 -> 2634 | Z81: ='9TH CAMP'!C76 -> 0.9316 | AA81: ='9TH CAMP'!G76 -> 614 | AB81: =ECHS!C76 -> 0.9692 | AC81: =ECHS!G76 -> 454 | AD81: =KMS!C76 -> 0.9462 | AE81: =KMS!G76 -> 1357 | AF81: =NMS!C76 -> 0.9202 | AG81: =NMS!G76 -> 1040 | AH81: =Highpoint!C76 -> 0 | AI81: =KASE!D73 -> 103 | AK81: =AVERAGE(H81,J81,L81,N81,P81,R81,T81,V81,X81,Z81,AB81,AD81,AF81) -> 0.92790769
B82: =B81+450 -> 27900 | C82: Day 62 | D82: 45614 | E82: Monday | G82: =I82+K82+M82+O82+Q82+S82+U82+W82+Y82+AA82+AC82+AE82+AG82+AI82+AH82 -> 10915 | H82: =CE!C77 -> 0.9301 | I82: =CE!G77 -> 529 | J82: =GE!C77 -> 0.9237 | K82: =GE!G77 -> 604 | L82: =ME!C77 -> 0.9339 | M82: =ME!G77 -> 635 | N82: =SAMPLE!C77 -> 0.934 | O82: =SAMPLE!G77 -> 606 | P82: ='Sheldon Elementary'!C77 -> 0.9357 | Q82: ='Sheldon Elementary'!D77 -> 591 | R82: =SLE!C77 -> 0.934 | S82: =SLE!G77 -> 621 | T82: =CECA!C77 -> 0.9183 | U82: =CECA!G77 -> 556 | V82: =SECA!C77 -> 0.9049 | W82: =SECA!G77 -> 563 | X82: =KHS!C77 -> 0.9165 | Y82: =KHS!G77 -> 2635 | Z82: ='9TH CAMP'!C77 -> 0.9513 | AA82: ='9TH CAMP'!G77 -> 616 | AB82: =ECHS!C77 -> 0.9604 | AC82: =ECHS!G77 -> 454 | AD82: =KMS!C77 -> 0.9448 | AE82: =KMS!G77 -> 1358 | AF82: =NMS!C77 -> 0.9377 | AG82: =NMS!G77 -> 1044 | AH82: =Highpoint!C77 -> 0 | AI82: =KASE!D74 -> 103 | AK82: =AVERAGE(H82,J82,L82,N82,P82,R82,T82,V82,X82,Z82,AB82,AD82,AF82) -> 0.93271538
B83: =B82+450 -> 28350 | C83: Day 63 | D83: 45615 | E83: Tuesday | G83: =I83+K83+M83+O83+Q83+S83+U83+W83+Y83+AA83+AC83+AE83+AG83+AI83+AH83 -> 10912 | H83: =CE!C78 -> 0.9546 | I83: =CE!G78 -> 529 | J83: =GE!C78 -> 0.9586 | K83: =GE!G78 -> 604 | L83: =ME!C78 -> 0.9417 | M83: =ME!G78 -> 635 | N83: =SAMPLE!C78 -> 0.9571 | O83: =SAMPLE!G78 -> 606 | P83: ='Sheldon Elementary'!C78 -> 0.9357 | Q83: ='Sheldon Elementary'!D78 -> 591 | R83: =SLE!C78 -> 0.9388 | S83: =SLE!G78 -> 621 | T83: =CECA!C78 -> 0.9171 | U83: =CECA!G78 -> 556 | V83: =SECA!C78 -> 0.9285 | W83: =SECA!G78 -> 562 | X83: =KHS!C78 -> 0.9241 | Y83: =KHS!G78 -> 2636 | Z83: ='9TH CAMP'!C78 -> 0.9497 | AA83: ='9TH CAMP'!G78 -> 616 | AB83: =ECHS!C78 -> 0.978 | AC83: =ECHS!G78 -> 454 | AD83: =KMS!C78 -> 0.9587 | AE83: =KMS!G78 -> 1356 | AF83: =NMS!C78 -> 0.9511 | AG83: =NMS!G78 -> 1044 | AH83: =Highpoint!C78 -> 0 | AI83: =KASE!D75 -> 102 | AK83: =AVERAGE(H83,J83,L83,N83,P83,R83,T83,V83,X83,Z83,AB83,AD83,AF83) -> 0.94566923
B84: =B83+450 -> 28800 | C84: Day 64 | D84: 45616 | E84: Wednesday | G84: =I84+K84+M84+O84+Q84+S84+U84+W84+Y84+AA84+AC84+AE84+AG84+AI84+AH84 -> 10913 | H84: =CE!C79 -> 0.9679 | I84: =CE!G79 -> 529 | J84: =GE!C79 -> 0.9487 | K84: =GE!G79 -> 604 | L84: =ME!C79 -> 0.9386 | M84: =ME!G79 -> 635 | N84: =SAMPLE!C79 -> 0.9505 | O84: =SAMPLE!G79 -> 606 | P84: ='Sheldon Elementary'!C79 -> 0.9628 | Q84: ='Sheldon Elementary'!D79 -> 591 | R84: =SLE!C79 -> 0.9583 | S84: =SLE!G79 -> 623 | T84: =CECA!C79 -> 0.9001 | U84: =CECA!G79 -> 556 | V84: =SECA!C79 -> 0.9469 | W84: =SECA!G79 -> 562 | X84: =KHS!C79 -> 0.9317 | Y84: =KHS!G79 -> 2636 | Z84: ='9TH CAMP'!C79 -> 0.9318 | AA84: ='9TH CAMP'!G79 -> 616 | AB84: =ECHS!C79 -> 0.9581 | AC84: =ECHS!G79 -> 454 | AD84: =KMS!C79 -> 0.9521 | AE84: =KMS!G79 -> 1356 | AF84: =NMS!C79 -> 0.9473 | AG84: =NMS!G79 -> 1043 | AH84: =Highpoint!C79 -> 0 | AI84: =KASE!D76 -> 102 | AK84: =AVERAGE(H84,J84,L84,N84,P84,R84,T84,V84,X84,Z84,AB84,AD84,AF84) -> 0.94575385
B85: =B84+450 -> 29250 | C85: Day 65 | D85: 45617 | E85: Thursday | G85: =I85+K85+M85+O85+Q85+S85+U85+W85+Y85+AA85+AC85+AE85+AG85+AI85+AH85 -> 10917 | H85: =CE!C80 -> 0.9584 | I85: =CE!G80 -> 529 | J85: =GE!C80 -> 0.9503 | K85: =GE!G80 -> 604 | L85: =ME!C80 -> 0.9449 | M85: =ME!G80 -> 635 | N85: =SAMPLE!C80 -> 0.9389 | O85: =SAMPLE!G80 -> 606 | P85: ='Sheldon Elementary'!C80 -> 0.9442 | Q85: ='Sheldon Elementary'!D80 -> 591 | R85: =SLE!C80 -> 0.9568 | S85: =SLE!G80 -> 625 | T85: =CECA!C80 -> 0.9228 | U85: =CECA!G80 -> 556 | V85: =SECA!C80 -> 0.9339 | W85: =SECA!G80 -> 562 | X85: =KHS!C80 -> 0.9211 | Y85: =KHS!G80 -> 2636 | Z85: ='9TH CAMP'!C80 -> 0.9335 | AA85: ='9TH CAMP'!G80 -> 617 | AB85: =ECHS!C80 -> 0.9758 | AC85: =ECHS!G80 -> 454 | AD85: =KMS!C80 -> 0.955 | AE85: =KMS!G80 -> 1357 | AF85: =NMS!C80 -> 0.9406 | AG85: =NMS!G80 -> 1043 | AH85: =Highpoint!C80 -> 0 | AI85: =KASE!D77 -> 102 | AK85: =AVERAGE(H85,J85,L85,N85,P85,R85,T85,V85,X85,Z85,AB85,AD85,AF85) -> 0.94432308
B86: =B85+450 -> 29700 | C86: Day 66 | D86: 45618 | E86: Friday | G86: =I86+K86+M86+O86+Q86+S86+U86+W86+Y86+AA86+AC86+AE86+AG86+AI86+AH86 -> 10912 | H86: =CE!C81 -> 0.9017 | I86: =CE!G81 -> 529 | J86: =GE!C81 -> 0.9007 | K86: =GE!G81 -> 604 | L86: =ME!C81 -> 0.8819 | M86: =ME!G81 -> 635 | N86: =SAMPLE!C81 -> 0.9172 | O86: =SAMPLE!G81 -> 604 | P86: ='Sheldon Elementary'!C81 -> 0.9222 | Q86: ='Sheldon Elementary'!D81 -> 591 | R86: =SLE!C81 -> 0.9088 | S86: =SLE!G81 -> 625 | T86: =CECA!C81 -> 0.862 | U86: =CECA!G81 -> 556 | V86: =SECA!C81 -> 0.8992 | W86: =SECA!G81 -> 562 | X86: =KHS!C81 -> 0.8869 | Y86: =KHS!G81 -> 2636 | Z86: ='9TH CAMP'!C81 -> 0.8752 | AA86: ='9TH CAMP'!G81 -> 617 | AB86: =ECHS!C81 -> 0.9031 | AC86: =ECHS!G81 -> 454 | AD86: =KMS!C81 -> 0.9285 | AE86: =KMS!G81 -> 1357 | AF86: =NMS!C81 -> 0.8972 | AG86: =NMS!G81 -> 1041 | AH86: =Highpoint!C81 -> 0 | AI86: =KASE!D78 -> 101 | AK86: =AVERAGE(H86,J86,L86,N86,P86,R86,T86,V86,X86,Z86,AB86,AD86,AF86) -> 0.89881538
A87: BREAK | D87: 45621 | E87: Monday | AH87: =Highpoint!C82 -> 0 | AK87: =AVERAGE(H87,J87,L87,N87,P87,R87,T87,V87,X87,Z87,AB87,AD87,AF87) -> #DIV/0!
A88: BREAK | D88: 45622 | E88: Tuesday | AH88: =Highpoint!C83 -> 0 | AK88: =AVERAGE(H88,J88,L88,N88,P88,R88,T88,V88,X88,Z88,AB88,AD88,AF88) -> #DIV/0!
A89: BREAK | D89: 45623 | E89: Wednesday | AK89: =AVERAGE(H89,J89,L89,N89,P89,R89,T89,V89,X89,Z89,AB89,AD89,AF89) -> #DIV/0!
A90: BREAK | D90: 45624 | E90: Thursday | AH90: =Highpoint!C85 -> 0 | AK90: =AVERAGE(H90,J90,L90,N90,P90,R90,T90,V90,X90,Z90,AB90,AD90,AF90) -> #DIV/0!
A91: BREAK | D91: 45625 | E91: Friday | AH91: =Highpoint!C86 -> 0 | AK91: =AVERAGE(H91,J91,L91,N91,P91,R91,T91,V91,X91,Z91,AB91,AD91,AF91) -> #DIV/0!
B92: =B86+450 -> 30150 | C92: Day 67 | D92: 45628 | E92: Monday | G92: =I92+K92+M92+O92+Q92+S92+U92+W92+Y92+AA92+AC92+AE92+AG92+AI92+AH92 -> 10903 | H92: =CE!C87 -> 0.9414 | I92: =CE!G87 -> 529 | J92: =GE!C87 -> 0.932 | K92: =GE!G87 -> 603 | L92: =ME!C87 -> 0.9289 | M92: =ME!G87 -> 634 | N92: =SAMPLE!C87 -> 0.9553 | O92: =SAMPLE!G87 -> 604 | P92: ='Sheldon Elementary'!C87 -> 0.9457 | Q92: ='Sheldon Elementary'!D87 -> 589 | R92: =SLE!C87 -> 0.9441 | S92: =SLE!G87 -> 626 | T92: =CECA!C87 -> 0.9112 | U92: =CECA!G87 -> 560 | V92: =SECA!C87 -> 0.9112 | W92: =SECA!G87 -> 562 | X92: =KHS!C87 -> 0.9122 | Y92: =KHS!G87 -> 2631 | Z92: ='9TH CAMP'!C87 -> 0.9269 | AA92: ='9TH CAMP'!G87 -> 616 | AB92: =ECHS!C87 -> 0.9471 | AC92: =ECHS!G87 -> 454 | AD92: =KMS!C87 -> 0.952 | AE92: =KMS!G87 -> 1355 | AF92: =NMS!C87 -> 0.9203 | AG92: =NMS!G87 -> 1044 | AH92: =Highpoint!C87 -> 0 | AI92: =KASE!D84 -> 96 | AK92: =AVERAGE(H92,J92,L92,N92,P92,R92,T92,V92,X92,Z92,AB92,AD92,AF92) -> 0.93294615
B93: =B92+450 -> 30600 | C93: Day 68 | D93: 45629 | E93: Tuesday | G93: =I93+K93+M93+O93+Q93+S93+U93+W93+Y93+AA93+AC93+AE93+AG93+AI93+AH93 -> 10906 | H93: =CE!C88 -> 0.9395 | I93: =CE!G88 -> 529 | J93: =GE!C88 -> 0.9653 | K93: =GE!G88 -> 605 | L93: =ME!C88 -> 0.9511 | M93: =ME!G88 -> 634 | N93: =SAMPLE!C88 -> 0.9503 | O93: =SAMPLE!G88 -> 604 | P93: ='Sheldon Elementary'!C88 -> 0.9526 | Q93: ='Sheldon Elementary'!D88 -> 591 | R93: =SLE!C88 -> 0.9633 | S93: =SLE!G88 -> 627 | T93: =CECA!C88 -> 0.9642 | U93: =CECA!G88 -> 563 | V93: =SECA!C88 -> 0.9479 | W93: =SECA!G88 -> 561 | X93: =KHS!C88 -> 0.9388 | Y93: =KHS!G88 -> 2631 | Z93: ='9TH CAMP'!C88 -> 0.9351 | AA93: ='9TH CAMP'!G88 -> 616 | AB93: =ECHS!C88 -> 0.9758 | AC93: =ECHS!G88 -> 454 | AD93: =KMS!C88 -> 0.958 | AE93: =KMS!G88 -> 1356 | AF93: =NMS!C88 -> 0.9502 | AG93: =NMS!G88 -> 1041 | AH93: =Highpoint!C88 -> 0 | AI93: =KASE!D85 -> 94 | AK93: =AVERAGE(H93,J93,L93,N93,P93,R93,T93,V93,X93,Z93,AB93,AD93,AF93) -> 0.95323846
B94: =B93+450 -> 31050 | C94: Day 69 | D94: 45630 | E94: Wednesday | G94: =I94+K94+M94+O94+Q94+S94+U94+W94+Y94+AA94+AC94+AE94+AG94+AI94+AH94 -> 10900 | H94: =CE!C89 -> 0.9792 | I94: =CE!G89 -> 528 | J94: =GE!C89 -> 0.9388 | K94: =GE!G89 -> 605 | L94: =ME!C89 -> 0.959 | M94: =ME!G89 -> 634 | N94: =SAMPLE!C89 -> 0.9585 | O94: =SAMPLE!G89 -> 602 | P94: ='Sheldon Elementary'!C90 -> 0.9339 | Q94: ='Sheldon Elementary'!D89 -> 591 | R94: =SLE!C89 -> 0.9649 | S94: =SLE!G89 -> 624 | T94: =CECA!C89 -> 0.952 | U94: =CECA!G89 -> 564 | V94: =SECA!C89 -> 0.9413 | W94: =SECA!G89 -> 561 | X94: =KHS!C89 -> 0.9365 | Y94: =KHS!G89 -> 2629 | Z94: ='9TH CAMP'!C89 -> 0.9417 | AA94: ='9TH CAMP'!G89 -> 618 | AB94: =ECHS!C89 -> 0.9604 | AC94: =ECHS!G89 -> 454 | AD94: =KMS!C89 -> 0.9535 | AE94: =KMS!G89 -> 1356 | AF94: =NMS!C89 -> 0.9549 | AG94: =NMS!G89 -> 1044 | AH94: =Highpoint!C89 -> 0 | AI94: =KASE!D86 -> 90 | AK94: =AVERAGE(H94,J94,L94,N94,P94,R94,T94,V94,X94,Z94,AB94,AD94,AF94) -> 0.95189231
B95: =B94+450 -> 31500 | C95: Day 70 | D95: 45631 | E95: Thursday | G95: =I95+K95+M95+O95+Q95+S95+U95+W95+Y95+AA95+AC95+AE95+AG95+AI95+AH95 -> 10902 | H95: =CE!C90 -> 0.9602 | I95: =CE!G90 -> 528 | J95: =GE!C90 -> 0.9603 | K95: =GE!G90 -> 605 | L95: =ME!C90 -> 0.9842 | M95: =ME!G90 -> 634 | N95: =SAMPLE!C90 -> 0.9502 | O95: =SAMPLE!G90 -> 602 | P95: ='Sheldon Elementary'!C91 -> 0.9407 | Q95: ='Sheldon Elementary'!D90 -> 590 | R95: =SLE!C90 -> 0.9696 | S95: =SLE!G90 -> 626 | T95: =CECA!C90 -> 0.9576 | U95: =CECA!G90 -> 564 | V95: =SECA!C90 -> 0.9304 | W95: =SECA!G90 -> 561 | X95: =KHS!C90 -> 0.9403 | Y95: =KHS!G90 -> 2628 | Z95: ='9TH CAMP'!C90 -> 0.9434 | AA95: ='9TH CAMP'!G90 -> 618 | AB95: =ECHS!C90 -> 0.9714 | AC95: =ECHS!G90 -> 454 | AD95: =KMS!C90 -> 0.9528 | AE95: =KMS!G90 -> 1357 | AF95: =NMS!C90 -> 0.955 | AG95: =NMS!G90 -> 1045 | AH95: =Highpoint!C90 -> 0 | AI95: =KASE!D87 -> 90 | AK95: =AVERAGE(H95,J95,L95,N95,P95,R95,T95,V95,X95,Z95,AB95,AD95,AF95) -> 0.95508462
B96: =B95+450 -> 31950 | C96: Day 71 | D96: 45632 | E96: Friday | G96: =I96+K96+M96+O96+Q96+S96+U96+W96+Y96+AA96+AC96+AE96+AG96+AI96+AH96 -> 10898 | H96: =CE!C91 -> 0.9318 | I96: =CE!G91 -> 528 | J96: =GE!C91 -> 0.9405 | K96: =GE!G91 -> 605 | L96: =ME!C91 -> 0.9495 | M96: =ME!G91 -> 634 | N96: =SAMPLE!C91 -> 0.9385 | O96: =SAMPLE!G91 -> 602 | P96: ='Sheldon Elementary'!C92 -> 0.9288 | Q96: ='Sheldon Elementary'!D91 -> 590 | R96: =SLE!C91 -> 0.9361 | S96: =SLE!G91 -> 626 | T96: =CECA!C91 -> 0.9263 | U96: =CECA!G91 -> 564 | V96: =SECA!C91 -> 0.9065 | W96: =SECA!G91 -> 561 | X96: =KHS!C91 -> 0.9276 | Y96: =KHS!G91 -> 2626 | Z96: ='9TH CAMP'!C91 -> 0.9337 | AA96: ='9TH CAMP'!G91 -> 618 | AB96: =ECHS!C91 -> 0.9339 | AC96: =ECHS!G91 -> 454 | AD96: =KMS!C91 -> 0.9484 | AE96: =KMS!G91 -> 1357 | AF96: =NMS!C91 -> 0.9234 | AG96: =NMS!G91 -> 1044 | AH96: =Highpoint!C91 -> 0 | AI96: =KASE!D88 -> 89 | AK96: =AVERAGE(H96,J96,L96,N96,P96,R96,T96,V96,X96,Z96,AB96,AD96,AF96) -> 0.93269231
B97: =B96+450 -> 32400 | C97: Day 72 | D97: 45635 | E97: Monday | G97: =I97+K97+M97+O97+Q97+S97+U97+W97+Y97+AA97+AC97+AE97+AG97+AI97+AH97 -> 10901 | H97: =CE!C92 -> 0.947 | I97: =CE!G92 -> 528 | J97: =GE!C92 -> 0.957 | K97: =GE!G93 -> 605 | L97: =ME!C92 -> 0.9389 | M97: =ME!G92 -> 638 | N97: =SAMPLE!C92 -> 0.9568 | O97: =SAMPLE!G92 -> 602 | P97: ='Sheldon Elementary'!C93 -> 0.961 | Q97: ='Sheldon Elementary'!D92 -> 590 | R97: =SLE!C92 -> 0.9281 | S97: =SLE!G92 -> 626 | T97: =CECA!C92 -> 0.903 | U97: =CECA!G92 -> 566 | V97: =SECA!C92 -> 0.9207 | W97: =SECA!G92 -> 561 | X97: =KHS!C92 -> 0.9261 | Y97: =KHS!G92 -> 2626 | Z97: ='9TH CAMP'!C92 -> 0.9595 | AA97: ='9TH CAMP'!G92 -> 618 | AB97: =ECHS!C92 -> 0.9515 | AC97: =ECHS!G92 -> 454 | AD97: =KMS!C92 -> 0.9454 | AE97: =KMS!G92 -> 1356 | AF97: =NMS!C92 -> 0.9492 | AG97: =NMS!G92 -> 1043 | AH97: =Highpoint!C92 -> 0 | AI97: =KASE!D89 -> 88 | AK97: =AVERAGE(H97,J97,L97,N97,P97,R97,T97,V97,X97,Z97,AB97,AD97,AF97) -> 0.94186154
B98: =B97+450 -> 32850 | C98: Day 73 | D98: 45636 | E98: Tuesday | G98: =I98+K98+M98+O98+Q98+S98+U98+W98+Y98+AA98+AC98+AE98+AG98+AI98+AH98 -> 10905 | H98: =CE!C93 -> 0.9677 | I98: =CE!G93 -> 526 | J98: =GE!C93 -> 0.962 | K98: =GE!G94 -> 605 | L98: =ME!C93 -> 0.9608 | M98: =ME!G93 -> 638 | N98: =SAMPLE!C93 -> 0.9585 | O98: =SAMPLE!G93 -> 602 | P98: ='Sheldon Elementary'!C93 -> 0.961 | Q98: ='Sheldon Elementary'!D93 -> 590 | R98: =SLE!C93 -> 0.9553 | S98: =SLE!G93 -> 627 | T98: =CECA!C93 -> 0.9086 | U98: =CECA!G93 -> 567 | V98: =SECA!C93 -> 0.9217 | W98: =SECA!G93 -> 561 | X98: =KHS!C93 -> 0.9368 | Y98: =KHS!G93 -> 2628 | Z98: ='9TH CAMP'!C93 -> 0.9595 | AA98: ='9TH CAMP'!G93 -> 618 | AB98: =ECHS!C93 -> 0.9648 | AC98: =ECHS!G93 -> 454 | AD98: =KMS!C93 -> 0.9462 | AE98: =KMS!G93 -> 1357 | AF98: =NMS!C93 -> 0.955 | AG98: =NMS!G93 -> 1045 | AH98: =Highpoint!C93 -> 0 | AI98: =KASE!D90 -> 87 | AK98: =AVERAGE(H98,J98,L98,N98,P98,R98,T98,V98,X98,Z98,AB98,AD98,AF98) -> 0.95060769
B99: =B98+450 -> 33300 | C99: Day 74 | D99: 45637 | E99: Wednesday | G99: =I99+K99+M99+O99+Q99+S99+U99+W99+Y99+AA99+AC99+AE99+AG99+AI99+AH99 -> 10913 | H99: =CE!C94 -> 0.9411 | I99: =CE!G94 -> 526 | J99: =GE!C94 -> 0.9603 | K99: =GE!G94 -> 605 | L99: =ME!C94 -> 0.9342 | M99: =ME!G94 -> 638 | N99: =SAMPLE!C94 -> 0.9767 | O99: =SAMPLE!G94 -> 602 | P99: ='Sheldon Elementary'!C94 -> 0.9576 | Q99: ='Sheldon Elementary'!D94 -> 590 | R99: =SLE!C94 -> 0.9362 | S99: =SLE!G94 -> 627 | T99: =CECA!C94 -> 0.9177 | U99: =CECA!G94 -> 568 | V99: =SECA!C94 -> 0.9261 | W99: =SECA!G94 -> 561 | X99: =KHS!C94 -> 0.9316 | Y99: =KHS!G94 -> 2631 | Z99: ='9TH CAMP'!C94 -> 0.9517 | AA99: ='9TH CAMP'!G94 -> 621 | AB99: =ECHS!C94 -> 0.9692 | AC99: =ECHS!G94 -> 454 | AD99: =KMS!C94 -> 0.944 | AE99: =KMS!G94 -> 1357 | AF99: =NMS!C94 -> 0.9551 | AG99: =NMS!G94 -> 1046 | AH99: =Highpoint!C94 -> 0 | AI99: =KASE!D91 -> 87 | AK99: =AVERAGE(H99,J99,L99,N99,P99,R99,T99,V99,X99,Z99,AB99,AD99,AF99) -> 0.94626923
B100: =B99+450 -> 33750 | C100: Day 75 | D100: 45638 | E100: Thursday | G100: =I100+K100+M100+O100+Q100+S100+U100+W100+Y100+AA100+AC100+AE100+AG100+AI100+AH100 -> 10916 | H100: =CE!C95 -> 0.9506 | I100: =CE!G95 -> 526 | J100: =GE!C95 -> 0.9474 | K100: =GE!G95 -> 608 | L100: =ME!C95 -> 0.9357 | M100: =ME!G95 -> 638 | N100: =SAMPLE!C95 -> 0.9601 | O100: =SAMPLE!G95 -> 602 | P100: ='Sheldon Elementary'!C95 -> 0.9441 | Q100: ='Sheldon Elementary'!D95 -> 592 | R100: =SLE!C95 -> 0.9729 | S100: =SLE!G95 -> 627 | T100: =CECA!C95 -> 0.9166 | U100: =CECA!G95 -> 568 | V100: =SECA!C95 -> 0.937 | W100: =SECA!G95 -> 561 | X100: =KHS!C95 -> 0.9339 | Y100: =KHS!G95 -> 2631 | Z100: ='9TH CAMP'!C95 -> 0.9356 | AA100: ='9TH CAMP'!G95 -> 621 | AB100: =ECHS!C95 -> 0.967 | AC100: =ECHS!G95 -> 454 | AD100: =KMS!C95 -> 0.9454 | AE100: =KMS!G95 -> 1356 | AF100: =NMS!C95 -> 0.9426 | AG100: =NMS!G95 -> 1046 | AH100: =Highpoint!C95 -> 0 | AI100: =KASE!D92 -> 86 | AK100: =AVERAGE(H100,J100,L100,N100,P100,R100,T100,V100,X100,Z100,AB100,AD100,AF100) -> 0.9453
B101: =B100+450 -> 34200 | C101: Day 76 | D101: 45639 | E101: Friday | G101: =I101+K101+M101+O101+Q101+S101+U101+W101+Y101+AA101+AC101+AE101+AG101+AI101+AH101 -> 10915 | H101: =CE!C96 -> 0.9278 | I101: =CE!G96 -> 526 | J101: =GE!C96 -> 0.9227 | K101: =GE!G96 -> 608 | L101: =ME!C96 -> 0.931 | M101: =ME!G96 -> 638 | N101: =SAMPLE!C96 -> 0.9269 | O101: =SAMPLE!G96 -> 602 | P101: ='Sheldon Elementary'!C96 -> 0.9274 | Q101: ='Sheldon Elementary'!D96 -> 592 | R101: =SLE!C96 -> 0.9442 | S101: =SLE!G96 -> 627 | T101: =CECA!C96 -> 0.8966 | U101: =CECA!G96 -> 568 | V101: =SECA!C96 -> 0.8924 | W101: =SECA!G96 -> 561 | X101: =KHS!C96 -> 0.919 | Y101: =KHS!G96 -> 2631 | Z101: ='9TH CAMP'!C96 -> 0.9291 | AA101: ='9TH CAMP'!G96 -> 621 | AB101: =ECHS!C96 -> 0.9471 | AC101: =ECHS!G96 -> 454 | AD101: =KMS!C96 -> 0.9425 | AE101: =KMS!G96 -> 1356 | AF101: =NMS!C96 -> 0.918 | AG101: =NMS!G96 -> 1046 | AH101: =Highpoint!C96 -> 0 | AI101: =KASE!D93 -> 85 | AK101: =AVERAGE(H101,J101,L101,N101,P101,R101,T101,V101,X101,Z101,AB101,AD101,AF101) -> 0.92497692
...

Sheet SECA
K1: =SUM(K7:K215) -> -2470.1384
A2: SHELDON ECA | H2: Estimated $ Missed Annually | J2: District Goal | K2: Campus Teams HIGHLIGHTED CELLS INDICATE # OF STUDENTS ABSENT ABOVE DISTRICT GOAL
H3: =SUM(I7:I128) -> 234562.56 | J3: 0.95
H4: Estimated $ Per Student
H5: 55
A6: Date | B6: Day of the Week | C6: Campus ADA % | D6: Is ADA Below 90%? (Yes/No) | E6: If "Yes" Give Reason | F6: Explain if "Other" | G6: Enrollment | H6: # Students Absent | I6: Estimated $ Missed | J6: DISTRICTS # ABS GOAL
A7: 45516 | B7: Monday | C7: 1 | D7: NO | G7: 464 | H7: =G7-(C7*G7) -> 0 | I7: =H7*$H$5 -> 0 | J7: 0 | K7: =J7-H7 -> 0
A8: 45517 | B8: Tuesday | C8: 0.9886 | D8: NO | G8: 487 | H8: =G8-(C8*G8) -> 5.5518 | I8: =H8*$H$5 -> 305.349 | J8: =G8-(G8*J$3) -> 24.35 | K8: =J8-H8 -> 18.7982
A9: 45518 | B9: Wednesday | C9: 0.9809 | D9: NO | G9: 495 | H9: =G9-(C9*G9) -> 9.4545 | I9: =H9*$H$5 -> 519.9975 | J9: =G9-(G9*J$3) -> 24.75 | K9: =J9-H9 -> 15.2955
A10: 45519 | B10: Thursday | C10: 0.946 | D10: NO | G10: 503 | H10: =G10-(C10*G10) -> 27.162 | I10: =H10*$H$5 -> 1493.91 | J10: =G10-(G10*J$3) -> 25.15 | K10: =J10-H10 -> -2.012
A11: 45520 | B11: Friday | C11: 0.9242 | D11: NO | G11: 515 | H11: =G11-(C11*G11) -> 39.037 | I11: =H11*$H$5 -> 2147.035 | J11: =G11-(G11*J$3) -> 25.75 | K11: =J11-H11 -> -13.287
A12: 45523 | B12: Monday | C12: 0.9063 | D12: NO | G12: 529 | H12: =G12-(C12*G12) -> 49.5673 | I12: =H12*$H$5 -> 2726.2015 | J12: =G12-(G12*J$3) -> 26.45 | K12: =J12-H12 -> -23.1173
A13: 45524 | B13: Tuesday | C13: 0.9302 | D13: NO | G13: 535 | H13: =G13-(C13*G13) -> 37.343 | I13: =H13*$H$5 -> 2053.865 | J13: =G13-(G13*J$3) -> 26.75 | K13: =J13-H13 -> -10.593
A14: 45525 | B14: Wednesday | C14: 0.9352 | D14: no | G14: 540 | H14: =G14-(C14*G14) -> 34.992 | I14: =H14*$H$5 -> 1924.56 | J14: =G14-(G14*J$3) -> 27 | K14: =J14-H14 -> -7.992
A15: 45526 | B15: Thursday | C15: 0.9316 | D15: NO | G15: 544 | H15: =G15-(C15*G15) -> 37.2096 | I15: =H15*$H$5 -> 2046.528 | J15: =G15-(G15*J$3) -> 27.2 | K15: =J15-H15 -> -10.0096
A16: 45527 | B16: Friday | C16: 0.9234 | D16: NO | G16: 546 | H16: =G16-(C16*G16) -> 41.8236 | I16: =H16*$H$5 -> 2300.298 | J16: =G16-(G16*J$3) -> 27.3 | K16: =J16-H16 -> -14.5236
A17: 45530 | B17: Monday | C17: 0.9096 | D17: NO | G17: 549 | H17: =G17-(C17*G17) -> 49.6296 | I17: =H17*$H$5 -> 2729.628 | J17: =G17-(G17*J$3) -> 27.45 | K17: =J17-H17 -> -22.1796
A18: 45531 | B18: Tuesday | C18: 0.9465 | D18: NO | G18: 552 | H18: =G18-(C18*G18) -> 29.532 | I18: =H18*$H$5 -> 1624.26 | J18: =G18-(G18*J$3) -> 27.6 | K18: =J18-H18 -> -1.932
A19: 45532 | B19: Wednesday | C19: 0.9148 | D19: NO | G19: 555 | H19: =G19-(C19*G19) -> 47.286 | I19: =H19*$H$5 -> 2600.73 | J19: =G19-(G19*J$3) -> 27.75 | K19: =J19-H19 -> -19.536
A20: 45533 | B20: Thursday | C20: 0.9073 | D20: NO | G20: 556 | H20: =G20-(C20*G20) -> 51.5412 | I20: =H20*$H$5 -> 2834.766 | J20: =G20-(G20*J$3) -> 27.8 | K20: =J20-H20 -> -23.7412
A21: 45534 | B21: Friday | C21: 0.8245 | D21: yes | E21: Health | F21: many student had the flu, covid,upset stomach. | G21: 556 | H21: =G21-(C21*G21) -> 97.578 | I21: =H21*$H$5 -> 5366.79 | J21: =G21-(G21*J$3) -> 27.8 | K21: =J21-H21 -> -69.778
A22: 45537 | B22: Monday | H22: =G22-(C22*G22) -> 0 | I22: =H22*$H$5 -> 0 | J22: =G22-(G22*J$3) -> 0 | K22: =J22-H22 -> 0
A23: 45538 | B23: Tuesday | C23: 0.8897 | D23: yes | E23: Health | F23: flu, common colds. | G23: 548 | H23: =G23-(C23*G23) -> 60.4444 | I23: =H23*$H$5 -> 3324.442 | J23: =G23-(G23*J$3) -> 27.4 | K23: =J23-H23 -> -33.0444
A24: 45539 | B24: Wednesday | C24: 0.9183 | D24: yes | E24: Health | F24: colds, flu | G24: 551 | H24: =G24-(C24*G24) -> 45.0167 | I24: =H24*$H$5 -> 2475.9185 | J24: =G24-(G24*J$3) -> 27.55 | K24: =J24-H24 -> -17.4667
A25: 45540 | B25: Thursday | C25: 0.9403 | D25: no | G25: 553 | H25: =G25-(C25*G25) -> 33.0141 | I25: =H25*$H$5 -> 1815.7755 | J25: =G25-(G25*J$3) -> 27.65 | K25: =J25-H25 -> -5.3641
A26: 45541 | B26: Friday | C26: 0.9066 | D26: NO | G26: 553 | H26: =G26-(C26*G26) -> 51.6502 | I26: =H26*$H$5 -> 2840.761 | J26: =G26-(G26*J$3) -> 27.65 | K26: =J26-H26 -> -24.0002
A27: 45544 | B27: Monday | C27: 0.9197 | D27: NO | G27: 553 | H27: =G27-(C27*G27) -> 44.4059 | I27: =H27*$H$5 -> 2442.3245 | J27: =G27-(G27*J$3) -> 27.65 | K27: =J27-H27 -> -16.7559
A28: 45545 | B28: Tuesday | C28: 0.9273 | D28: NO | G28: 554 | H28: =G28-(C28*G28) -> 40.2758 | I28: =H28*$H$5 -> 2215.169 | J28: =G28-(G28*J$3) -> 27.7 | K28: =J28-H28 -> -12.5758
A29: 45546 | B29: Wednesday | C29: 0.9207 | D29: no | G29: 553 | H29: =G29-(C29*G29) -> 43.8529 | I29: =H29*$H$5 -> 2411.9095 | J29: =G29-(G29*J$3) -> 27.65 | K29: =J29-H29 -> -16.2029
A30: 45547 | B30: Thursday | C30: 0.9141 | D30: NO | G30: 553 | H30: =G30-(C30*G30) -> 47.5027 | I30: =H30*$H$5 -> 2612.6485 | J30: =G30-(G30*J$3) -> 27.65 | K30: =J30-H30 -> -19.8527
A31: 45548 | B31: Friday | C31: 0.8969 | D31: YES | E31: Other | F31: Low attendance on fridays | G31: 554 | H31: =G31-(C31*G31) -> 57.1174 | I31: =H31*$H$5 -> 3141.457 | J31: =G31-(G31*J$3) -> 27.7 | K31: =J31-H31 -> -29.4174
A32: 45551 | B32: Monday | H32: =G32-(C32*G32) -> 0 | I32: =H32*$H$5 -> 0 | J32: =G32-(G32*J$3) -> 0 | K32: =J32-H32 -> 0
A33: 45552 | B33: Tuesday | C33: 0.9001 | D33: NO | G33: 555 | H33: =G33-(C33*G33) -> 55.4445 | I33: =H33*$H$5 -> 3049.4475 | J33: =G33-(G33*J$3) -> 27.75 | K33: =J33-H33 -> -27.6945
A34: 45553 | B34: Wednesday | C34: 0.9 | D34: NO | F34: ILLNESS | G34: 555 | H34: =G34-(C34*G34) -> 55.5 | I34: =H34*$H$5 -> 3052.5 | J34: =G34-(G34*J$3) -> 27.75 | K34: =J34-H34 -> -27.75
A35: 45554 | B35: Thursday | C35: 0.8958 | D35: yes | E35: Other | F35: illness | G35: 555 | H35: =G35-(C35*G35) -> 57.831 | I35: =H35*$H$5 -> 3180.705 | J35: =G35-(G35*J$3) -> 27.75 | K35: =J35-H35 -> -30.081
A36: 45555 | B36: Friday | C36: 0.8915 | D36: yes | E36: Other | F36: illness | G36: 556 | H36: =G36-(C36*G36) -> 60.326 | I36: =H36*$H$5 -> 3317.93 | J36: =G36-(G36*J$3) -> 27.8 | K36: =J36-H36 -> -32.526
A37: 45558 | B37: Monday | C37: 0.8915 | D37: YES | E37: Other | F37: unknown | G37: 556 | H37: =G37-(C37*G37) -> 60.326 | I37: =H37*$H$5 -> 3317.93 | J37: =G37-(G37*J$3) -> 27.8 | K37: =J37-H37 -> -32.526
A38: 45559 | B38: Tuesday | C38: 0.9328 | D38: NO | G38: 556 | H38: =G38-(C38*G38) -> 37.3632 | I38: =H38*$H$5 -> 2054.976 | J38: =G38-(G38*J$3) -> 27.8 | K38: =J38-H38 -> -9.5632
A39: 45560 | B39: Wednesday | C39: 0.9382 | D39: no | G39: 556 | H39: =G39-(C39*G39) -> 34.3608 | I39: =H39*$H$5 -> 1889.844 | J39: =G39-(G39*J$3) -> 27.8 | K39: =J39-H39 -> -6.5608
A40: 45561 | B40: Thursday | C40: 0.9177 | D40: NO | G40: 558 | H40: =G40-(C40*G40) -> 45.9234 | I40: =H40*$H$5 -> 2525.787 | J40: =G40-(G40*J$3) -> 27.9 | K40: =J40-H40 -> -18.0234
A41: 45562 | B41: Friday | C41: 0.8658 | D41: YES | E41: Health | F41: ILLNESS | G41: 557 | H41: =G41-(C41*G41) -> 74.7494 | I41: =H41*$H$5 -> 4111.217 | J41: =G41-(G41*J$3) -> 27.85 | K41: =J41-H41 -> -46.8994
A42: 45565 | B42: Monday | C42: 0.9167 | D42: NO | G42: 558 | H42: =G42-(C42*G42) -> 46.4814 | I42: =H42*$H$5 -> 2556.477 | J42: =G42-(G42*J$3) -> 27.9 | K42: =J42-H42 -> -18.5814
A43: 45566 | B43: Tuesday | C43: 0.9316 | D43: NO | G43: 559 | H43: =G43-(C43*G43) -> 38.2356 | I43: =H43*$H$5 -> 2102.958 | J43: =G43-(G43*J$3) -> 27.95 | K43: =J43-H43 -> -10.2856
A44: 45567 | B44: Wednesday | C44: 0.933 | D44: NO | G44: 559 | H44: =G44-(C44*G44) -> 37.453 | I44: =H44*$H$5 -> 2059.915 | J44: =G44-(G44*J$3) -> 27.95 | K44: =J44-H44 -> -9.503
A45: 45568 | B45: Thursday | C45: 0.9374 | D45: NO | G45: 559 | H45: =G45-(C45*G45) -> 34.9934 | I45: =H45*$H$5 -> 1924.637 | J45: =G45-(G45*J$3) -> 27.95 | K45: =J45-H45 -> -7.0434
A46: 45569 | B46: Friday | C46: 0.9125 | D46: NO | G46: 559 | H46: =G46-(C46*G46) -> 48.9125 | I46: =H46*$H$5 -> 2690.1875 | J46: =G46-(G46*J$3) -> 27.95 | K46: =J46-H46 -> -20.9625
A47: 45572 | B47: Monday | H47: =G47-(C47*G47) -> 0 | I47: =H47*$H$5 -> 0 | J47: =G47-(G47*J$3) -> 0 | K47: =J47-H47 -> 0
A48: 45573 | B48: Tuesday | H48: =G48-(C48*G48) -> 0 | I48: =H48*$H$5 -> 0 | J48: =G48-(G48*J$3) -> 0 | K48: =J48-H48 -> 0
A49: 45574 | B49: Wednesday | H49: =G49-(C49*G49) -> 0 | I49: =H49*$H$5 -> 0 | J49: =G49-(G49*J$3) -> 0 | K49: =J49-H49 -> 0
A50: 45575 | B50: Thursday | H50: =G50-(C50*G50) -> 0 | I50: =H50*$H$5 -> 0 | J50: =G50-(G50*J$3) -> 0 | K50: =J50-H50 -> 0
A51: 45576 | B51: Friday | H51: =G51-(C51*G51) -> 0 | I51: =H51*$H$5 -> 0 | J51: =G51-(G51*J$3) -> 0 | K51: =J51-H51 -> 0
A52: 45579 | B52: Monday | C52: 0.9193 | D52: NO | G52: 561 | H52: =G52-(C52*G52) -> 45.2727 | I52: =H52*$H$5 -> 2489.9985 | J52: =G52-(G52*J$3) -> 28.05 | K52: =J52-H52 -> -17.2227
A53: 45580 | B53: Tuesday | C53: 0.958 | D53: NO | G53: 562 | H53: =G53-(C53*G53) -> 23.604 | I53: =H53*$H$5 -> 1298.22 | J53: =G53-(G53*J$3) -> 28.1 | K53: =J53-H53 -> 4.496
A54: 45581 | B54: Wednesday | C54: 0.9374 | D54: NO | G54: 560 | H54: =G54-(C54*G54) -> 35.056 | I54: =H54*$H$5 -> 1928.08 | J54: =G54-(G54*J$3) -> 28 | K54: =J54-H54 -> -7.056
A55: 45582 | B55: Thursday | C55: 0.9557 | D55: NO | G55: 560 | H55: =G55-(C55*G55) -> 24.808 | I55: =H55*$H$5 -> 1364.44 | J55: =G55-(G55*J$3) -> 28 | K55: =J55-H55 -> 3.192
A56: 45583 | B56: Friday | C56: 0.9211 | D56: NO | G56: 559 | H56: =G56-(C56*G56) -> 44.1051 | I56: =H56*$H$5 -> 2425.7805 | J56: =G56-(G56*J$3) -> 27.95 | K56: =J56-H56 -> -16.1551
A57: 45586 | B57: Monday | C57: 0.928 | D57: NO | G57: 561 | H57: =G57-(C57*G57) -> 40.392 | I57: =H57*$H$5 -> 2221.56 | J57: =G57-(G57*J$3) -> 28.05 | K57: =J57-H57 -> -12.342
A58: 45587 | B58: Tuesday | C58: 0.9731 | D58: NO | G58: 561 | H58: =G58-(C58*G58) -> 15.0909 | I58: =H58*$H$5 -> 829.9995 | J58: =G58-(G58*J$3) -> 28.05 | K58: =J58-H58 -> 12.9591
A59: 45588 | B59: Wednesday | C59: 0.9549 | D59: NO | G59: 562 | H59: =G59-(C59*G59) -> 25.3462 | I59: =H59*$H$5 -> 1394.041 | J59: =G59-(G59*J$3) -> 28.1 | K59: =J59-H59 -> 2.7538
A60: 45589 | B60: Thursday | C60: 0.9484 | D60: NO | G60: 562 | H60: =G60-(C60*G60) -> 28.9992 | I60: =H60*$H$5 -> 1594.956 | J60: =G60-(G60*J$3) -> 28.1 | K60: =J60-H60 -> -0.8992
A61: 45590 | B61: Friday | C61: 0.9248 | D61: NO | G61: 562 | H61: =G61-(C61*G61) -> 42.2624 | I61: =H61*$H$5 -> 2324.432 | J61: =G61-(G61*J$3) -> 28.1 | K61: =J61-H61 -> -14.1624
A62: 45593 | B62: Monday | C62: 0.8982 | D62: YES | E62: Other | F62: low attendance on mondays | G62: 563 | H62: =G62-(C62*G62) -> 57.3134 | I62: =H62*$H$5 -> 3152.237 | J62: =G62-(G62*J$3) -> 28.15 | K62: =J62-H62 -> -29.1634
A63: 45594 | B63: Tuesday | C63: 0.9452 | D63: NO | G63: 562 | H63: =G63-(C63*G63) -> 30.7976 | I63: =H63*$H$5 -> 1693.868 | J63: =G63-(G63*J$3) -> 28.1 | K63: =J63-H63 -> -2.6976
A64: 45595 | B64: Wednesday | C64: 0.9422 | D64: NO | G64: 564 | H64: =G64-(C64*G64) -> 32.5992 | I64: =H64*$H$5 -> 1792.956 | J64: =G64-(G64*J$3) -> 28.2 | K64: =J64-H64 -> -4.3992
A65: 45596 | B65: Thursday | C65: 0.9251 | D65: NO | G65: 565 | H65: =G65-(C65*G65) -> 42.3185 | I65: =H65*$H$5 -> 2327.5175 | J65: =G65-(G65*J$3) -> 28.25 | K65: =J65-H65 -> -14.0685
A66: 45597 | B66: Friday | C66: 0.8952 | D66: YES | E66: Other | F66: Day after halloween | G66: 565 | H66: =G66-(C66*G66) -> 59.212 | I66: =H66*$H$5 -> 3256.66 | J66: =G66-(G66*J$3) -> 28.25 | K66: =J66-H66 -> -30.962
A67: 45600 | B67: Monday | H67: =G67-(C67*G67) -> 0 | I67: =H67*$H$5 -> 0 | J67: =G67-(G67*J$3) -> 0 | K67: =J67-H67 -> 0
A68: 45601 | B68: Tuesday | H68: =G68-(C68*G68) -> 0 | I68: =H68*$H$5 -> 0 | J68: =G68-(G68*J$3) -> 0 | K68: =J68-H68 -> 0
A69: 45602 | B69: Wednesday | C69: 0.94 | D69: NO | G69: 565 | H69: =G69-(C69*G69) -> 33.9 | I69: =H69*$H$5 -> 1864.5 | J69: =G69-(G69*J$3) -> 28.25 | K69: =J69-H69 -> -5.65
A70: 45603 | B70: Thursday | C70: 0.9326 | D70: NO | G70: 566 | H70: =G70-(C70*G70) -> 38.1484 | I70: =H70*$H$5 -> 2098.162 | J70: =G70-(G70*J$3) -> 28.3 | K70: =J70-H70 -> -9.8484
A71: 45604 | B71: Friday | C71: 0.9323 | D71: NO | G71: 563 | H71: =G71-(C71*G71) -> 38.1151 | I71: =H71*$H$5 -> 2096.3305 | J71: =G71-(G71*J$3) -> 28.15 | K71: =J71-H71 -> -9.9651
A72: 45607 | B72: Monday | C72: 0.913 | D72: NO | G72: 563 | H72: =G72-(C72*G72) -> 48.981 | I72: =H72*$H$5 -> 2693.955 | J72: =G72-(G72*J$3) -> 28.15 | K72: =J72-H72 -> -20.831
A73: 45608 | B73: Tuesday | C73: 0.9276 | D73: NO | G73: 563 | H73: =G73-(C73*G73) -> 40.7612 | I73: =H73*$H$5 -> 2241.866 | J73: =G73-(G73*J$3) -> 28.15 | K73: =J73-H73 -> -12.6112
A74: 45609 | B74: Wednesday | C74: 0.921 | D74: NO | G74: 561 | H74: =G74-(C74*G74) -> 44.319 | I74: =H74*$H$5 -> 2437.545 | J74: =G74-(G74*J$3) -> 28.05 | K74: =J74-H74 -> -16.269
A75: 45610 | B75: Thursday | C75: 0.8938 | D75: YES | F75: Thanksgivivng luncheon | G75: 562 | H75: =G75-(C75*G75) -> 59.6844 | I75: =H75*$H$5 -> 3282.642 | J75: =G75-(G75*J$3) -> 28.1 | K75: =J75-H75 -> -31.5844
A76: 45611 | B76: Friday | C76: 0.8917 | D76: YES | F76: FRIDAY | G76: 562 | H76: =G76-(C76*G76) -> 60.8646 | I76: =H76*$H$5 -> 3347.553 | J76: =G76-(G76*J$3) -> 28.1 | K76: =J76-H76 -> -32.7646
A77: 45614 | B77: Monday | C77: 0.9049 | G77: 563 | H77: =G77-(C77*G77) -> 53.5413 | I77: =H77*$H$5 -> 2944.7715 | J77: =G77-(G77*J$3) -> 28.15 | K77: =J77-H77 -> -25.3913
A78: 45615 | B78: Tuesday | C78: 0.9285 | D78: NO | G78: 562 | H78: =G78-(C78*G78) -> 40.183 | I78: =H78*$H$5 -> 2210.065 | J78: =G78-(G78*J$3) -> 28.1 | K78: =J78-H78 -> -12.083
A79: 45616 | B79: Wednesday | C79: 0.9469 | D79: NO | G79: 562 | H79: =G79-(C79*G79) -> 29.8422 | I79: =H79*$H$5 -> 1641.321 | J79: =G79-(G79*J$3) -> 28.1 | K79: =J79-H79 -> -1.7422
A80: 45617 | B80: Thursday | C80: 0.9339 | D80: NO | G80: 562 | H80: =G80-(C80*G80) -> 37.1482 | I80: =H80*$H$5 -> 2043.151 | J80: =G80-(G80*J$3) -> 28.1 | K80: =J80-H80 -> -9.0482
A81: 45618 | B81: Friday | C81: 0.8992 | D81: YES | G81: 562 | H81: =G81-(C81*G81) -> 56.6496 | I81: =H81*$H$5 -> 3115.728 | J81: =G81-(G81*J$3) -> 28.1 | K81: =J81-H81 -> -28.5496
A82: 45621 | B82: Monday | H82: =G82-(C82*G82) -> 0 | I82: =H82*$H$5 -> 0 | J82: =G82-(G82*J$3) -> 0 | K82: =J82-H82 -> 0
A83: 45622 | B83: Tuesday | H83: =G83-(C83*G83) -> 0 | I83: =H83*$H$5 -> 0 | J83: =G83-(G83*J$3) -> 0 | K83: =J83-H83 -> 0
A84: 45623 | B84: Wednesday | H84: =G84-(C84*G84) -> 0 | I84: =H84*$H$5 -> 0 | J84: =G84-(G84*J$3) -> 0 | K84: =J84-H84 -> 0
A85: 45624 | B85: Thursday | H85: =G85-(C85*G85) -> 0 | I85: =H85*$H$5 -> 0 | J85: =G85-(G85*J$3) -> 0 | K85: =J85-H85 -> 0
A86: 45625 | B86: Friday | H86: =G86-(C86*G86) -> 0 | I86: =H86*$H$5 -> 0 | J86: =G86-(G86*J$3) -> 0 | K86: =J86-H86 -> 0
A87: 45628 | B87: Monday | C87: 0.9112 | D87: NO | G87: 562 | H87: =G87-(C87*G87) -> 49.9056 | I87: =H87*$H$5 -> 2744.808 | J87: =G87-(G87*J$3) -> 28.1 | K87: =J87-H87 -> -21.8056
A88: 45629 | B88: Tuesday | C88: 0.9479 | D88: NO | G88: 561 | H88: =G88-(C88*G88) -> 29.2281 | I88: =H88*$H$5 -> 1607.5455 | J88: =G88-(G88*J$3) -> 28.05 | K88: =J88-H88 -> -1.1781
A89: 45630 | B89: Wednesday | C89: 0.9413 | D89: NO | G89: 561 | H89: =G89-(C89*G89) -> 32.9307 | I89: =H89*$H$5 -> 1811.1885 | J89: =G89-(G89*J$3) -> 28.05 | K89: =J89-H89 -> -4.8807
A90: 45631 | B90: Thursday | C90: 0.9304 | D90: NO | G90: 561 | H90: =G90-(C90*G90) -> 39.0456 | I90: =H90*$H$5 -> 2147.508 | J90: =G90-(G90*J$3) -> 28.05 | K90: =J90-H90 -> -10.9956
A91: 45632 | B91: Friday | C91: 0.9065 | D91: NO | G91: 561 | H91: =G91-(C91*G91) -> 52.4535 | I91: =H91*$H$5 -> 2884.9425 | J91: =G91-(G91*J$3) -> 28.05 | K91: =J91-H91 -> -24.4035
A92: 45635 | B92: Monday | C92: 0.9207 | D92: NO | G92: 561 | H92: =G92-(C92*G92) -> 44.4873 | I92: =H92*$H$5 -> 2446.8015 | J92: =G92-(G92*J$3) -> 28.05 | K92: =J92-H92 -> -16.4373
A93: 45636 | B93: Tuesday | C93: 0.9217 | D93: NO | G93: 561 | H93: =G93-(C93*G93) -> 43.9263 | I93: =H93*$H$5 -> 2415.9465 | J93: =G93-(G93*J$3) -> 28.05 | K93: =J93-H93 -> -15.8763
A94: 45637 | B94: Wednesday | C94: 0.9261 | D94: NO | G94: 561 | H94: =G94-(C94*G94) -> 41.4579 | I94: =H94*$H$5 -> 2280.1845 | J94: =G94-(G94*J$3) -> 28.05 | K94: =J94-H94 -> -13.4079
A95: 45638 | B95: Thursday | C95: 0.937 | D95: NO | G95: 561 | H95: =G95-(C95*G95) -> 35.343 | I95: =H95*$H$5 -> 1943.865 | J95: =G95-(G95*J$3) -> 28.05 | K95: =J95-H95 -> -7.293
A96: 45639 | B96: Friday | C96: 0.8924 | D96: YES | E96: Health | F96: many students were sent home for health reasons | G96: 561 | H96: =G96-(C96*G96) -> 60.3636 | I96: =H96*$H$5 -> 3319.998 | J96: =G96-(G96*J$3) -> 28.05 | K96: =J96-H96 -> -32.3136
A97: 45642 | B97: Monday | C97: 0.8796 | D97: YES | E97: Health | F97: common colds. | G97: 563 | H97: =G97-(C97*G97) -> 67.7852 | I97: =H97*$H$5 -> 3728.186 | J97: =G97-(G97*J$3) -> 28.15 | K97: =J97-H97 -> -39.6352
A98: 45643 | B98: Tuesday | C98: 0.91 | D98: NO | G98: 563 | H98: =G98-(C98*G98) -> 50.67 | I98: =H98*$H$5 -> 2786.85 | J98: =G98-(G98*J$3) -> 28.15 | K98: =J98-H98 -> -22.52
A99: 45644 | B99: Wednesday | C99: 0.9372 | D99: NO | G99: 564 | H99: =G99-(C99*G99) -> 35.4192 | I99: =H99*$H$5 -> 1948.056 | J99: =G99-(G99*J$3) -> 28.2 | K99: =J99-H99 -> -7.2192
A100: 45645 | B100: Thursday | C100: 0.9502 | D100: NO | F100: christmas parties | G100: 564 | H100: =G100-(C100*G100) -> 28.0872 | I100: =H100*$H$5 -> 1544.796 | J100: =G100-(G100*J$3) -> 28.2 | K100: =J100-H100 -> 0.1128
...

Sheet CECA
K1: =SUM(K7:K215) -> -2074.8579
A2: CRAVENS ECA | H2: Estimated $ Missed Annually | J2: District Goal | K2: Campus Teams HIGHLIGHTED CELLS INDICATE # OF STUDENTS ABSENT ABOVE DISTRICT GOAL
H3: =SUM(I7:I128) -> 219811 | J3: 0.95
H4: Estimated $ Per Student
H5: 55
A6: Date | B6: Day of the Week | C6: Campus ADA % | D6: Is ADA Below 90%? (Yes/No) | E6: If "Yes" Give Reason | F6: Explain if "Other" | G6: Enrollment | H6: # Students Absent | I6: Estimated $ Missed | J6: DISTRICTS # ABS GOAL
A7: 45516 | B7: Monday | C7: 1 | D7: N | G7: 472 | H7: =G7-(C7*G7) -> 0 | I7: =H7*$H$5 -> 0 | J7: 0 | K7: =J7-H7 -> 0
A8: 45517 | B8: Tuesday | C8: 0.9873 | D8: N | G8: 485 | H8: =G8-(C8*G8) -> 6.1595 | I8: =H8*$H$5 -> 338.7725 | J8: =G8-(G8*J$3) -> 24.25 | K8: =J8-H8 -> 18.0905
A9: 45518 | B9: Wednesday | C9: 0.9888 | D9: N | G9: 493 | H9: =G9-(C9*G9) -> 5.5216 | I9: =H9*$H$5 -> 303.688 | J9: =G9-(G9*J$3) -> 24.65 | K9: =J9-H9 -> 19.1284
A10: 45519 | B10: Thursday | C10: 0.9667 | D10: N | G10: 501 | H10: =G10-(C10*G10) -> 16.6833 | I10: =H10*$H$5 -> 917.5815 | J10: =G10-(G10*J$3) -> 25.05 | K10: =J10-H10 -> 8.3667
A11: 45520 | B11: Friday | C11: 0.9407 | D11: N | G11: 503 | H11: =G11-(C11*G11) -> 29.8279 | I11: =H11*$H$5 -> 1640.5345 | J11: =G11-(G11*J$3) -> 25.15 | K11: =J11-H11 -> -4.6779
A12: 45523 | B12: Monday | C12: 0.9329 | D12: N | G12: 509 | H12: =G12-(C12*G12) -> 34.1539 | I12: =H12*$H$5 -> 1878.4645 | J12: =G12-(G12*J$3) -> 25.45 | K12: =J12-H12 -> -8.7039
A13: 45524 | B13: Tuesday | C13: 0.9359 | D13: N | G13: 514 | H13: =G13-(C13*G13) -> 32.9474 | I13: =H13*$H$5 -> 1812.107 | J13: =G13-(G13*J$3) -> 25.7 | K13: =J13-H13 -> -7.2474
A14: 45525 | B14: Wednesday | C14: 0.9293 | D14: N | G14: 519 | H14: =G14-(C14*G14) -> 36.6933 | I14: =H14*$H$5 -> 2018.1315 | J14: =G14-(G14*J$3) -> 25.95 | K14: =J14-H14 -> -10.7433
A15: 45526 | B15: Thursday | C15: 0.9401 | D15: N | G15: 520 | H15: =G15-(C15*G15) -> 31.148 | I15: =H15*$H$5 -> 1713.14 | J15: =G15-(G15*J$3) -> 26 | K15: =J15-H15 -> -5.148
A16: 45527 | B16: Friday | C16: 0.92 | D16: N | G16: 523 | H16: =G16-(C16*G16) -> 41.84 | I16: =H16*$H$5 -> 2301.2 | J16: =G16-(G16*J$3) -> 26.15 | K16: =J16-H16 -> -15.69
A17: 45530 | B17: Monday | C17: 0.9308 | D17: N | G17: 532 | H17: =G17-(C17*G17) -> 36.8144 | I17: =H17*$H$5 -> 2024.792 | J17: =G17-(G17*J$3) -> 26.6 | K17: =J17-H17 -> -10.2144
A18: 45531 | B18: Tuesday | C18: 0.9413 | D18: N | G18: 531 | H18: =G18-(C18*G18) -> 31.1697 | I18: =H18*$H$5 -> 1714.3335 | J18: =G18-(G18*J$3) -> 26.55 | K18: =J18-H18 -> -4.6197
A19: 45532 | B19: Wednesday | C19: 0.9394 | D19: N | G19: 535 | H19: =G19-(C19*G19) -> 32.421 | I19: =H19*$H$5 -> 1783.155 | J19: =G19-(G19*J$3) -> 26.75 | K19: =J19-H19 -> -5.671
... A21: 45534 | B21: Friday | C21: 0.909 | D21: N | G21: 535 | H21: =G21-(C21*G21) -> 48.685 | I21: =H21*$H$5 -> 2677.675 | J21: =G21-(G21*J$3) -> 26.75 | K21: =J21-H21 -> -21.935
A22: 45537 | B22: Monday | H22: =G22-(C22*G22) -> 0 | I22: =H22*$H$5 -> 0 | J22: =G22-(G22*J$3) -> 0 | K22: =J22-H22 -> 0
A23: 45538 | B23: Tuesday | C23: 0.9157 | D23: N | G23: 542 | H23: =G23-(C23*G23) -> 45.6906 | I23: =H23*$H$5 -> 2512.983 | J23: =G23-(G23*J$3) -> 27.1 | K23: =J23-H23 -> -18.5906
A24: 45539 | B24: Wednesday | C24: 0.9199 | D24: N | G24: 547 | H24: =G24-(C24*G24) -> 43.8147 | I24: =H24*$H$5 -> 2409.8085 | J24: =G24-(G24*J$3) -> 27.35 | K24: =J24-H24 -> -16.4647
A25: 45540 | B25: Thursday | C25: 0.9441 | D25: N | G25: 547 | H25: =G25-(C25*G25) -> 30.5773 | I25: =H25*$H$5 -> 1681.7515 | J25: =G25-(G25*J$3) -> 27.35 | K25: =J25-H25 -> -3.2273
A26: 45541 | B26: Friday | C26: 0.9146 | D26: N | G26: 548 | H26: =G26-(C26*G26) -> 46.7992 | I26: =H26*$H$5 -> 2573.956 | J26: =G26-(G26*J$3) -> 27.4 | K26: =J26-H26 -> -19.3992
A27: 45544 | B27: Monday | C27: 0.9362 | D27: N | G27: 548 | H27: =G27-(C27*G27) -> 34.9624 | I27: =H27*$H$5 -> 1922.932 | J27: =G27-(G27*J$3) -> 27.4 | K27: =J27-H27 -> -7.5624
A28: 45545 | B28: Tuesday | C28: 0.934 | D28: N | G28: 549 | H28: =G28-(C28*G28) -> 36.234 | I28: =H28*$H$5 -> 1992.87 | J28: =G28-(G28*J$3) -> 27.45 | K28: =J28-H28 -> -8.784
A29: 45546 | B29: Wednesday | C29: 0.9278 | D29: N | G29: 554 | H29: =G29-(C29*G29) -> 39.9988 | I29: =H29*$H$5 -> 2199.934 | J29: =G29-(G29*J$3) -> 27.7 | K29: =J29-H29 -> -12.2988
A30: 45547 | B30: Thursday | C30: 0.9438 | D30: N | G30: 555 | H30: =G30-(C30*G30) -> 31.191 | I30: =H30*$H$5 -> 1715.505 | J30: =G30-(G30*J$3) -> 27.75 | K30: =J30-H30 -> -3.441
A31: 45548 | B31: Friday | C31: 0.9131 | D31: N | G31: 553 | H31: =G31-(C31*G31) -> 48.0557 | I31: =H31*$H$5 -> 2643.0635 | J31: =G31-(G31*J$3) -> 27.65 | K31: =J31-H31 -> -20.4057
A32: 45551 | B32: Monday | H32: =G32-(C32*G32) -> 0 | I32: =H32*$H$5 -> 0 | J32: =G32-(G32*J$3) -> 0 | K32: =J32-H32 -> 0
A33: 45552 | B33: Tuesday | C33: 0.9438 | D33: N | G33: 554 | H33: =G33-(C33*G33) -> 31.1348 | I33: =H33*$H$5 -> 1712.414 | J33: =G33-(G33*J$3) -> 27.7
A34: 45553 | B34: Wednesday | C34: 0.9245 | D34: N | G34: 554 | H34: =G34-(C34*G34) -> 41.827 | I34: =H34*$H$5 -> 2300.485 | J34: =G34-(G34*J$3) -> 27.7 | K34: =J34-H34 -> -14.127
A35: 45554 | B35: Thursday | C35: 0.9122 | D35: N | G35: 554 | H35: =G35-(C35*G35) -> 48.6412 | I35: =H35*$H$5 -> 2675.266 | J35: =G35-(G35*J$3) -> 27.7 | K35: =J35-H35 -> -20.9412
A36: 45555 | B36: Friday | C36: 0.9292 | D36: N | G36: 555 | H36: =G36-(C36*G36) -> 39.294 | I36: =H36*$H$5 -> 2161.17 | J36: =G36-(G36*J$3) -> 27.75 | K36: =J36-H36 -> -11.544
A37: 45558 | B37: Monday | C37: 0.9125 | D37: N | G37: 557 | H37: =G37-(C37*G37) -> 48.7375 | I37: =H37*$H$5 -> 2680.5625 | J37: =G37-(G37*J$3) -> 27.85 | K37: =J37-H37 -> -20.8875
A38: 45559 | B38: Tuesday | C38: 0.9429 | D38: N | G38: 558 | H38: =G37-(C38*G37) -> 31.8047 | I38: =H38*$H$5 -> 1749.2585 | J38: =G37-(G37*J$3) -> 27.85 | K38: =J38-H38 -> -3.9547
A39: 45560 | B39: Wednesday | C39: 0.9362 | D39: N | G39: 558 | H39: =G39-(C39*G39) -> 35.6004 | I39: =H39*$H$5 -> 1958.022 | J39: =G39-(G39*J$3) -> 27.9 | K39: =J39-H39 -> -7.7004
A40: 45561 | B40: Thursday | C40: 0.9552 | D40: N | G40: 558 | H40: =G40-(C40*G40) -> 24.9984 | I40: =H40*$H$5 -> 1374.912 | J40: =G40-(G40*J$3) -> 27.9 | K40: =J40-H40 -> 2.9016
A41: 45562 | B41: Friday | C41: 0.9194 | D41: N | G41: 558 | H41: =G41-(C41*G41) -> 44.9748 | I41: =H41*$H$5 -> 2473.614 | J41: =G41-(G41*J$3) -> 27.9 | K41: =J41-H41 -> -17.0748
A42: 45565 | B42: Monday | C42: 0.9283 | D42: N | G42: 558 | H42: =G42-(C42*G42) -> 40.0086 | I42: =H42*$H$5 -> 2200.473 | J42: =G42-(G42*J$3) -> 27.9 | K42: =J42-H42 -> -12.1086
A43: 45566 | B43: Tuesday | C43: 0.9258 | D43: N | G43: 558 | H43: =G43-(C43*G43) -> 41.4036 | I43: =H43*$H$5 -> 2277.198 | J43: =G43-(G43*J$3) -> 27.9 | K43: =J43-H43 -> -13.5036
A44: 45567 | B44: Wednesday | C44: 0.9193 | D44: N | G44: 558 | H44: =G44-(C44*G44) -> 45.0306 | I44: =H44*$H$5 -> 2476.683 | J44: =G44-(G44*J$3) -> 27.9 | K44: =J44-H44 -> -17.1306
A45: 45568 | B45: Thursday | C45: 0.9148 | D45: N | G45: 558 | H45: =G45-(C45*G45) -> 47.5416 | I45: =H45*$H$5 -> 2614.788 | J45: =G45-(G45*J$3) -> 27.9 | K45: =J45-H45 -> -19.6416
A46: 45569 | B46: Friday | C46: 0.8818 | D46: Y | E46: Other | F46: day before fall break | G46: 558 | H46: =G46-(C46*G46) -> 65.9556 | I46: =H46*$H$5 -> 3627.558 | J46: =G46-(G46*J$3) -> 27.9 | K46: =J46-H46 -> -38.0556
A47: 45572 | B47: Monday | H47: =G47-(C47*G47) -> 0 | I47: =H47*$H$5 -> 0 | J47: =G47-(G47*J$3) -> 0 | K47: =J47-H47 -> 0
A48: 45573 | B48: Tuesday | H48: =G48-(C48*G48) -> 0 | I48: =H48*$H$5 -> 0 | J48: =G48-(G48*J$3) -> 0 | K48: =J48-H48 -> 0
A49: 45574 | B49: Wednesday | H49: =G49-(C49*G49) -> 0 | I49: =H49*$H$5 -> 0 | J49: =G49-(G49*J$3) -> 0 | K49: =J49-H49 -> 0
A50: 45575 | B50: Thursday | H50: =G50-(C50*G50) -> 0 | I50: =H50*$H$5 -> 0 | J50: =G50-(G50*J$3) -> 0 | K50: =J50-H50 -> 0
A51: 45576 | B51: Friday | H51: =G51-(C51*G51) -> 0 | I51: =H51*$H$5 -> 0 | J51: =G51-(G51*J$3) -> 0 | K51: =J51-H51 -> 0
A52: 45579 | B52: Monday | C52: 0.9127 | D52: N | G52: 559 | H52: =G52-(C52*G52) -> 48.8007 | I52: =H52*$H$5 -> 2684.0385 | J52: =G52-(G52*J$3) -> 27.95 | K52: =J52-H52 -> -20.8507
A53: 45580 | B53: Tuesday | C53: 0.9431 | D53: N | G53: 557 | H53: =G53-(C53*G53) -> 31.6933 | I53: =H53*$H$5 -> 1743.1315 | J53: =G53-(G53*J$3) -> 27.85 | K53: =J53-H53 -> -3.8433
A54: 45581 | B54: Wednesday | C54: 0.9545 | D54: N | G54: 557 | H54: =G54-(C54*G54) -> 25.3435 | I54: =H54*$H$5 -> 1393.8925 | J54: =G54-(G54*J$3) -> 27.85 | K54: =J54-H54 -> 2.5065
A55: 45582 | B55: Thursday | C55: 0.9499 | D55: N | G55: 557 | H55: =G55-(C55*G55) -> 27.9057 | I55: =H55*$H$5 -> 1534.8135 | J55: =G55-(G55*J$3) -> 27.85 | K55: =J55-H55 -> -0.0557
A56: 45583 | B56: Friday | C56: 0.9214 | D56: N | G56: 557 | H56: =G56-(C56*G56) -> 43.7802 | I56: =H56*$H$5 -> 2407.911 | J56: =G56-(G56*J$3) -> 27.85 | K56: =J56-H56 -> -15.9302
A57: 45586 | B57: Monday | C57: 0.9396 | D57: N | G57: 557 | H57: =G57-(C57*G57) -> 33.6428 | I57: =H57*$H$5 -> 1850.354 | J57: =G57-(G57*J$3) -> 27.85 | K57: =J57-H57 -> -5.7928
A58: 45587 | B58: Tuesday | C58: 0.9409 | D58: N | G58: 558 | H58: =G58-(C58*G58) -> 32.9778 | I58: =H58*$H$5 -> 1813.779 | J58: =G58-(G58*J$3) -> 27.9 | K58: =J58-H58 -> -5.0778
A59: 45588 | B59: Wednesday | C59: 0.9273 | D59: N | G59: 558 | H59: =G59-(C59*G59) -> 40.5666 | I59: =H59*$H$5 -> 2231.163 | J59: =G59-(G59*J$3) -> 27.9 | K59: =J59-H59 -> -12.6666
A60: 45589 | B60: Thursday | C60: 0.9432 | D60: N | G60: 558 | H60: =G60-(C60*G60) -> 31.6944 | I60: =H60*$H$5 -> 1743.192 | J60: =G60-(G60*J$3) -> 27.9 | K60: =J60-H60 -> -3.7944
A61: 45590 | B61: Friday | C61: 0.908 | D61: N | G61: 558 | H61: =G61-(C61*G61) -> 51.336 | I61: =H61*$H$5 -> 2823.48 | J61: =G61-(G61*J$3) -> 27.9 | K61: =J61-H61 -> -23.436
A62: 45593 | B62: Monday | C62: 0.9086 | D62: N | G62: 555 | H62: =G62-(C62*G62) -> 50.727 | I62: =H62*$H$5 -> 2789.985 | J62: =G62-(G62*J$3) -> 27.75 | K62: =J62-H62 -> -22.977
A63: 45594 | B63: Tuesday | C63: 0.919 | D63: N | G63: 556 | H63: =G63-(C63*G63) -> 45.036 | I63: =H63*$H$5 -> 2476.98 | J63: =G63-(G63*J$3) -> 27.8 | K63: =J63-H63 -> -17.236
... A65: 45596 | B65: Thursday | C65: 0.9167 | D65: N | G65: 555 | H65: =G65-(C65*G65) -> 46.2315 | I65: =H65*$H$5 -> 2542.7325 | J65: =G65-(G65*J$3) -> 27.75 | K65: =J65-H65 -> -18.4815
A66: 45597 | B66: Friday | C66: 0.8781 | D66: Y | E66: Friday after Halloween | G66: 556 | H66: =G66-(C66*G66) -> 67.7764 | I66: =H66*$H$5 -> 3727.702 | J66: =G66-(G66*J$3) -> 27.8 | K66: =J66-H66 -> -39.9764
A67: 45600 | B67: Monday | H67: =G67-(C67*G67) -> 0 | I67: =H67*$H$5 -> 0 | J67: =G67-(G67*J$3) -> 0 | K67: =J67-H67 -> 0
A68: 45601 | B68: Tuesday | H68: =G68-(C68*G68) -> 0 | I68: =H68*$H$5 -> 0 | J68: =G68-(G68*J$3) -> 0 | K68: =J68-H68 -> 0
A69: 45602 | B69: Wednesday | C69: 0.9221 | D69: N | G69: 560 | H69: =G69-(C69*G69) -> 43.624 | I69: =H69*$H$5 -> 2399.32 | J69: =G69-(G69*J$3) -> 28 | K69: =J69-H69 -> -15.624
A70: 45603 | B70: Thursday | C70: 0.9167 | D70: N | G70: 561 | H70: =G70-(C70*G70) -> 46.7313 | I70: =H70*$H$5 -> 2570.2215 | J70: =G70-(G70*J$3) -> 28.05 | K70: =J70-H70 -> -18.6813
A71: 45604 | B71: Friday | C71: 0.8919 | D71: Y | E71: Friday, thanksgiving luncheon | G71: 561 | H71: =G71-(C71*G71) -> 60.6441 | I71: =H71*$H$5 -> 3335.4255 | J71: =G71-(G71*J$3) -> 28.05 | K71: =J71-H71 -> -32.5941
A72: 45607 | B72: Monday | C72: 0.9279 | D72: N | G72: 561 | H72: =G72-(C72*G72) -> 40.4481 | I72: =H72*$H$5 -> 2224.6455 | J72: =G72-(G72*J$3) -> 28.05 | K72: =J72-H72 -> -12.3981
A73: 45608 | B73: Tuesday | C73: 0.9447 | D73: N | G73: 560 | H73: =G73-(C73*G73) -> 30.968 | I73: =H73*$H$5 -> 1703.24 | J73: =G73-(G73*J$3) -> 28 | K73: =J73-H73 -> -2.968
A74: 45609 | B74: Wednesday | C74: 0.9255 | D74: N | G74: 560 | H74: =G74-(C74*G74) -> 41.72 | I74: =H74*$H$5 -> 2294.6 | J74: =G74-(G74*J$3) -> 28 | K74: =J74-H74 -> -13.72
A75: 45610 | B75: Thursday | C75: 0.92 | D75: N | E75: Health | F75: low ADA due to Health | G75: 560 | H75: =G75-(C75*G75) -> 44.8 | I75: =H75*$H$5 -> 2464 | J75: =G75-(G75*J$3) -> 28 | K75: =J75-H75 -> -16.8
A76: 45611 | B76: Friday | C76: 0.911 | D76: N | E76: Health | F76: low ADA due to Health | G76: 560 | H76: =G76-(C76*G76) -> 49.84 | I76: =H76*$H$5 -> 2741.2 | J76: =G76-(G76*J$3) -> 28 | K76: =J76-H76 -> -21.84
A77: 45614 | B77: Monday | C77: 0.9183 | D77: N | E77: Health | F77: low ADA due to Health | G77: 556 | H77: =G77-(C77*G77) -> 45.4252 | I77: =H77*$H$5 -> 2498.386 | J77: =G77-(G77*J$3) -> 27.8 | K77: =J77-H77 -> -17.6252
A78: 45615 | B78: Tuesday | C78: 0.9171 | D78: N | E78: Health | F78: low ADA due to Health | G78: 556 | H78: =G78-(C78*G78) -> 46.0924 | I78: =H78*$H$5 -> 2535.082 | J78: =G78-(G78*J$3) -> 27.8 | K78: =J78-H78 -> -18.2924
A79: 45616 | B79: Wednesday | C79: 0.9001 | D79: N | E79: Health | F79: low ADA due to Health | G79: 556 | H79: =G79-(C79*G79) -> 55.5444 | I79: =H79*$H$5 -> 3054.942 | J79: =G79-(G79*J$3) -> 27.8 | K79: =J79-H79 -> -27.7444
A80: 45617 | B80: Thursday | C80: 0.9228 | D80: N | G80: 556 | H80: =G80-(C80*G80) -> 42.9232 | I80: =H80*$H$5 -> 2360.776 | J80: =G80-(G80*J$3) -> 27.8 | K80: =J80-H80 -> -15.1232
A81: 45618 | B81: Friday | C81: 0.862 | D81: Y | F81: Friday, last day before thanksgiving break | G81: 556 | H81: =G81-(C81*G81) -> 76.728 | I81: =H81*$H$5 -> 4220.04 | J81: =G81-(G81*J$3) -> 27.8 | K81: =J81-H81 -> -48.928
A82: 45621 | B82: Monday | H82: =G82-(C82*G82) -> 0 | I82: =H82*$H$5 -> 0 | J82: =G82-(G82*J$3) -> 0 | K82: =J82-H82 -> 0
A83: 45622 | B83: Tuesday | H83: =G83-(C83*G83) -> 0 | I83: =H83*$H$5 -> 0 | J83: =G83-(G83*J$3) -> 0 | K83: =J83-H83 -> 0
A84: 45623 | B84: Wednesday | H84: =G84-(C84*G84) -> 0 | I84: =H84*$H$5 -> 0 | J84: =G84-(G84*J$3) -> 0 | K84: =J84-H84 -> 0
A85: 45624 | B85: Thursday | H85: =G85-(C85*G85) -> 0 | I85: =H85*$H$5 -> 0 | J85: =G85-(G85*J$3) -> 0 | K85: =J85-H85 -> 0
A86: 45625 | B86: Friday | H86: =G86-(C86*G86) -> 0 | I86: =H86*$H$5 -> 0 | J86: =G86-(G86*J$3) -> 0 | K86: =J86-H86 -> 0
A87: 45628 | B87: Monday | C87: 0.9112 | D87: N | G87: 560 | H87: =G87-(C87*G87) -> 49.728 | I87: =H87*$H$5 -> 2735.04 | J87: =G87-(G87*J$3) -> 28 | K87: =J87-H87 -> -21.728
A88: 45629 | B88: Tuesday | C88: 0.9642 | D88: N | G88: 563 | H88: =G88-(C88*G88) -> 20.1554 | I88: =H88*$H$5 -> 1108.547 | J88: =G88-(G88*J$3) -> 28.15 | K88: =J88-H88 -> 7.9946
A89: 45630 | B89: Wednesday | C89: 0.952 | D89: N | G89: 564 | H89: =G89-(C89*G89) -> 27.072 | I89: =H89*$H$5 -> 1488.96 | J89: =G89-(G89*J$3) -> 28.2 | K89: =J89-H89 -> 1.128
A90: 45631 | B90: Thursday | C90: 0.9576 | D90: N | G90: 564 | H90: =G90-(C90*G90) -> 23.9136 | I90: =H90*$H$5 -> 1315.248 | J90: =G90-(G90*J$3) -> 28.2 | K90: =J90-H90 -> 4.2864
A91: 45632 | B91: Friday | C91: 0.9263 | D91: N | G91: 564 | H91: =G91-(C91*G91) -> 41.5668 | I91: =H91*$H$5 -> 2286.174 | J91: =G91-(G91*J$3) -> 28.2 | K91: =J91-H91 -> -13.3668
A92: 45635 | B92: Monday | C92: 0.903 | D92: N | E92: Health | F92: 3 students sent home this morning | G92: 566 | H92: =G92-(C92*G92) -> 54.902 | I92: =H92*$H$5 -> 3019.61 | J92: =G92-(G92*J$3) -> 28.3 | K92: =J92-H92 -> -26.602
A93: 45636 | B93: Tuesday | C93: 0.9086 | D93: N | E93: Health | G93: 567 | H93: =G93-(C93*G93) -> 51.8238 | I93: =H93*$H$5 -> 2850.309 | J93: =G93-(G93*J$3) -> 28.35 | K93: =J93-H93 -> -23.4738
A94: 45637 | B94: Wednesday | C94: 0.9177 | D94: N | G94: 568 | H94: =G94-(C94*G94) -> 46.7464 | I94: =H94*$H$5 -> 2571.052 | J94: =G94-(G94*J$3) -> 28.4 | K94: =J94-H94 -> -18.3464
A95: 45638 | B95: Thursday | C95: 0.9166 | D95: N | G95: 568 | H95: =G95-(C95*G95) -> 47.3712 | I95: =H95*$H$5 -> 2605.416 | J95: =G95-(G95*J$3) -> 28.4 | K95: =J95-H95 -> -18.9712
A96: 45639 | B96: Friday | C96: 0.8966 | D96: Y | E96: Other | F96: illness, Friday, many students not returning for last week before christmas break | G96: 568 | H96: =G96-(C96*G96) -> 58.7312 | I96: =H96*$H$5 -> 3230.216 | J96: =G96-(G96*J$3) -> 28.4 | K96: =J96-H96 -> -30.3312
A97: 45642 | B97: Monday | C97: 0.8907 | D97: Y | E97: Health | F97: 5 students sent home by nurse before attendance. many students not returning for last week | G97: 567 | H97: =G97-(C97*G97) -> 61.9731 | I97: =H97*$H$5 -> 3408.5205 | J97: =G97-(G97*J$3) -> 28.35 | K97: =J97-H97 -> -33.6231
A98: 45643 | B98: Tuesday | C98: 0.9108 | D98: N | E98: Health | F98: low ADA due to health and last week before holiday break | G98: 567 | H98: =G98-(C98*G98) -> 50.5764 | I98: =H98*$H$5 -> 2781.702 | J98: =G98-(G98*J$3) -> 28.35 | K98: =J98-H98 -> -22.2264
A99: 45644 | B99: Wednesday | C99: 0.9152 | D99: N | F99: low ADA due to health and last week before holiday break | G99: 566 | H99: =G99-(C99*G99) -> 47.9968 | I99: =H99*$H$5 -> 2639.824 | J99: =G99-(G99*J$3) -> 28.3 | K99: =J99-H99 -> -19.6968
A100: 45645 | B100: Thursday | C100: 0.9364 | D100: N | F100: holiday parties | G100: 566 | H100: =G100-(C100*G100) -> 35.9976 | I100: =H100*$H$5 -> 1979.868 | J100: =G100-(G100*J$3) -> 28.3 | K100: =J100-H100 -> -7.6976
A101: 45646 | B101: Friday | C101: 0.6674 | F101: last half day before Christmas break | G101: 566 | H101: =G101-(C101*G101) -> 188.2516 | I101: =H101*$H$5 -> 10353.838 | J101: =G101-(G101*J$3) -> 28.3 | K101: =J101-H101 -> -159.9516
A102: 45649 | B102: Monday | H102: =G102-(C102*G102) -> 0 | I102: =H102*$H$5 -> 0 | J102: =G102-(G102*J$3) -> 0 | K102: =J102-H102 -> 0
...

Sheet Sheldon Elementary
H1: =SUM(H7:H215) -> -331.8503
A2: SHELDON ELEMENTARY | E2: Estimated $ Missed Annually | G2: District Goal | H2: Campus Teams HIGHLIGHTED CELLS INDICATE # OF STUDENTS ABSENT ABOVE DISTRICT GOAL
E3: =SUM(F7:F128) -> 158482.73 | G3: 0.95
E4: Estimated $ Per Student
E5: 55
A6: Date | B6: Day of the Week | C6: Campus ADA % | D6: Enrollment | E6: # Students Absent | F6: Estimated $ Missed | G6: DISTRICTS # ABS GOAL | H6: # OF STUDENTS ABSENT
A7: 45516 | B7: Monday | C7: 1 | D7: 558 | E7: =D7-(C7*D7) -> 0 | F7: =E7*$E$5 -> 0 | G7: 0 | H7: =G7-E7 -> 0
A8: 45517 | B8: Tuesday | C8: 0.9878 | D8: 572 | E8: =D8-(C8*D8) -> 6.9784 | F8: =E8*$E$5 -> 383.812 | G8: =D8-(D8*G$3) -> 28.6 | H8: =G8-E8 -> 21.6216
A9: 45518 | B9: Wednesday | C9: 0.9757 | D9: 577 | E9: =D9-(C9*D9) -> 14.0211 | F9: =E9*$E$5 -> 771.1605 | G9: =D9-(D9*G$3) -> 28.85 | H9: =G9-E9 -> 14.8289
A10: 45519 | B10: Thursday | C10: 0.9743 | D10: 583 | E10: =D10-(C10*D10) -> 14.9831 | F10: =E10*$E$5 -> 824.0705 | G10: =D10-(D10*G$3) -> 29.15 | H10: =G10-E10 -> 14.1669
A11: 45520 | B11: Friday | C11: 0.976 | D11: 583 | E11: =D11-(C11*D11) -> 13.992 | F11: =E11*$E$5 -> 769.56 | G11: =D11-(D11*G$3) -> 29.15 | H11: =G11-E11 -> 15.158
A12: 45523 | B12: Monday | C12: 0.9591 | D12: 587 | E12: =D12-(C12*D12) -> 24.0083 | F12: =E12*$E$5 -> 1320.4565 | G12: =D12-(D12*G$3) -> 29.35 | H12: =G12-E12 -> 5.3417
A13: 45524 | B13: Tuesday | C13: 0.9474 | D13: 589 | E13: =D13-(C13*D13) -> 30.9814 | F13: =E13*$E$5 -> 1703.977 | G13: =D13-(D13*G$3) -> 29.45 | H13: =G13-E13 -> -1.5314
A14: 45525 | B14: Wednesday | C14: 0.9492 | D14: 591 | E14: =D14-(C14*D14) -> 30.0228 | F14: =E14*$E$5 -> 1651.254 | G14: =D14-(D14*G$3) -> 29.55 | H14: =G14-E14 -> -0.4728
A15: 45526 | B15: Thursday | C15: 0.9713 | D15: 592 | E15: =D15-(C15*D15) -> 16.9904 | F15: =E15*$E$5 -> 934.472 | G15: =D15-(D15*G$3) -> 29.6 | H15: =G15-E15 -> 12.6096
A16: 45527 | B16: Friday | C16: 0.9356 | D16: 590 | E16: =D16-(C16*D16) -> 37.996 | F16: =E16*$E$5 -> 2089.78 | G16: =D16-(D16*G$3) -> 29.5 | H16: =G16-E16 -> -8.496
A17: 45530 | B17: Monday | C17: 0.939 | D17: 590 | E17: =D17-(C17*D17) -> 35.99 | F17: =E17*$E$5 -> 1979.45 | G17: =D17-(D17*G$3) -> 29.5 | H17: =G17-E17 -> -6.49
A18: 45531 | B18: Tuesday | C18: 0.9595 | D18: 593 | E18: =D18-(C18*D18) -> 24.0165 | F18: =E18*$E$5 -> 1320.9075 | G18: =D18-(D18*G$3) -> 29.65 | H18: =G18-E18 -> 5.6335
A19: 45532 | B19: Wednesday | C19: 0.9612 | D19: 593 | E19: =D19-(C19*D19) -> 23.0084 | F19: =E19*$E$5 -> 1265.462 | G19: =D19-(D19*G$3) -> 29.65 | H19: =G19-E19 -> 6.6416
... A21: 45534 | B21: Friday | C21: 0.9359 | D21: 593 | E21: =D21-(C21*D21) -> 38.0113 | F21: =E21*$E$5 -> 2090.6215 | G21: =D21-(D21*G$3) -> 29.65 | H21: =G21-E21 -> -8.3613
A22: 45537 | B22: Monday | E22: =D22-(C22*D22) -> 0 | F22: =E22*$E$5 -> 0 | G22: =D22-(D22*G$3) -> 0 | H22: =G22-E22 -> 0
A23: 45538 | B23: Tuesday | C23: 0.9327 | D23: 594 | E23: =D23-(C23*D23) -> 39.9762 | F23: =E23*$E$5 -> 2198.691 | G23: =D23-(D23*G$3) -> 29.7 | H23: =G23-E23 -> -10.2762
A24: 45539 | B24: Wednesday | C24: 0.9613 | D24: 595 | E24: =D24-(C24*D24) -> 23.0265 | F24: =E24*$E$5 -> 1266.4575 | G24: =D24-(D24*G$3) -> 29.75 | H24: =G24-E24 -> 6.7235
A25: 45540 | B25: Thursday | C25: 0.9562 | D25: 594 | E25: =D25-(C25*D25) -> 26.0172 | F25: =E25*$E$5 -> 1430.946 | G25: =D25-(D25*G$3) -> 29.7 | H25: =G25-E25 -> 3.6828
A26: 45541 | B26: Friday | C26: 0.9528 | D26: 593 | E26: =D26-(C26*D26) -> 27.9896 | F26: =E26*$E$5 -> 1539.428 | G26: =D26-(D26*G$3) -> 29.65 | H26: =G26-E26 -> 1.6604
A27: 45544 | B27: Monday | C27: 0.9695 | D27: 591 | E27: =D27-(C27*D27) -> 18.0255 | F27: =E27*$E$5 -> 991.4025 | G27: =D27-(D27*G$3) -> 29.55 | H27: =G27-E27 -> 11.5245
A28: 45545 | B28: Tuesday | C28: 0.9542 | D28: 590 | E28: =D28-(C28*D28) -> 27.022 | F28: =E28*$E$5 -> 1486.21 | G28: =D28-(D28*G$3) -> 29.5 | H28: =G28-E28 -> 2.478
A29: 45546 | B29: Wednesday | C29: 0.9492 | D29: 590 | E29: =D29-(C29*D29) -> 29.972 | F29: =E29*$E$5 -> 1648.46 | G29: =D29-(D29*G$3) -> 29.5 | H29: =G29-E29 -> -0.472
A30: 45547 | B30: Thursday | C30: 0.9644 | D30: 590 | E30: =D30-(C30*D30) -> 21.004 | F30: =E30*$E$5 -> 1155.22 | G30: =D30-(D30*G$3) -> 29.5 | H30: =G30-E30 -> 8.496
A31: 45548 | B31: Friday | C31: 0.9475 | D31: 590 | E31: =D31-(C31*D31) -> 30.975 | F31: =E31*$E$5 -> 1703.625 | G31: =D31-(D31*G$3) -> 29.5 | H31: =G31-E31 -> -1.475
A32: 45551 | B32: Monday | E32: =D32-(C32*D32) -> 0 | F32: =E32*$E$5 -> 0 | G32: =D32-(D32*G$3) -> 0 | H32: =G32-E32 -> 0
A33: 45552 | B33: Tuesday | C33: 0.961 | D33: 589 | E33: =D33-(C33*D33) -> 22.971 | F33: =E33*$E$5 -> 1263.405 | G33: =D33-(D33*G$3) -> 29.45 | H33: =G33-E33 -> 6.479
A34: 45553 | B34: Wednesday | C34: 0.9745 | D34: 589 | E34: =D34-(C34*D34) -> 15.0195 | F34: =E34*$E$5 -> 826.0725 | G34: =D34-(D34*G$3) -> 29.45 | H34: =G34-E34 -> 14.4305
A35: 45554 | B35: Thursday | C35: 0.9593 | D35: 589 | E35: =D35-(C35*D35) -> 23.9723 | F35: =E35*$E$5 -> 1318.4765 | G35: =D35-(D35*G$3) -> 29.45 | H35: =G35-E35 -> 5.4777
A36: 45555 | B36: Friday | C36: 0.944 | D36: 589 | E36: =D36-(C36*D36) -> 32.984 | F36: =E36*$E$5 -> 1814.12 | G36: =D36-(D36*G$3) -> 29.45 | H36: =G36-E36 -> -3.534
A37: 45558 | B37: Monday | C37: 0.9542 | D37: 590 | E37: =D37-(C37*D37) -> 27.022 | F37: =E37*$E$5 -> 1486.21 | G37: =D37-(D37*G$3) -> 29.5 | H37: =G37-E37 -> 2.478
A38: 45559 | B38: Tuesday | C38: 0.9695 | D38: 590 | E38: =D38-(C38*D38) -> 17.995 | F38: =E38*$E$5 -> 989.725 | G38: =D38-(D38*G$3) -> 29.5 | H38: =G38-E38 -> 11.505
A39: 45560 | B39: Wednesday | C39: 0.9662 | D39: 592 | E39: =D39-(C39*D39) -> 20.0096 | F39: =E39*$E$5 -> 1100.528 | G39: =D39-(D39*G$3) -> 29.6 | H39: =G39-E39 -> 9.5904
A40: 45561 | B40: Thursday | C40: 0.9764 | D40: 592 | E40: =D40-(C40*D40) -> 13.9712 | F40: =E40*$E$5 -> 768.416 | G40: =D40-(D40*G$3) -> 29.6 | H40: =G40-E40 -> 15.6288
A41: 45562 | B41: Friday | C41: 0.9459 | D41: 592 | E41: =D41-(C41*D41) -> 32.0272 | F41: =E41*$E$5 -> 1761.496 | G41: =D41-(D41*G$3) -> 29.6 | H41: =G41-E41 -> -2.4272
A42: 45565 | B42: Monday | C42: 0.9459 | D42: 592 | E42: =D42-(C42*D42) -> 32.0272 | F42: =E42*$E$5 -> 1761.496 | G42: =D42-(D42*G$3) -> 29.6 | H42: =G42-E42 -> -2.4272
A43: 45566 | B43: Tuesday | C43: 0.9542 | D43: 592 | E43: =D43-(C43*D43) -> 27.1136 | F43: =E43*$E$5 -> 1491.248 | G43: =D43-(D43*G$3) -> 29.6 | H43: =G43-E43 -> 2.4864
A44: 45567 | B44: Wednesday | C44: 0.9779 | D44: 590 | E44: =D44-(C44*D44) -> 13.039 | F44: =E44*$E$5 -> 717.145 | G44: =D44-(D44*G$3) -> 29.5 | H44: =G44-E44 -> 16.461
... A46: 45569 | B46: Friday | C46: 0.9593 | D46: 591 | E46: =D46-(C46*D46) -> 24.0537 | F46: =E46*$E$5 -> 1322.9535 | G46: =D46-(D46*G$3) -> 29.55 | H46: =G46-E46 -> 5.4963
A47: 45572 | B47: Monday | E47: =D47-(C47*D47) -> 0 | F47: =E47*$E$5 -> 0 | G47: =D47-(D47*G$3) -> 0 | H47: =G47-E47 -> 0
A48: 45573 | B48: Tuesday | E48: =D48-(C48*D48) -> 0 | F48: =E48*$E$5 -> 0 | G48: =D48-(D48*G$3) -> 0 | H48: =G48-E48 -> 0
A49: 45574 | B49: Wednesday | E49: =D49-(C49*D49) -> 0 | F49: =E49*$E$5 -> 0 | G49: =D49-(D49*G$3) -> 0 | H49: =G49-E49 -> 0
A50: 45575 | B50: Thursday | E50: =D50-(C50*D50) -> 0 | F50: =E50*$E$5 -> 0 | G50: =D50-(D50*G$3) -> 0 | H50: =G50-E50 -> 0
A51: 45576 | B51: Friday | E51: =D51-(C51*D51) -> 0 | F51: =E51*$E$5 -> 0 | G51: =D51-(D51*G$3) -> 0 | H51: =G51-E51 -> 0
A52: 45579 | B52: Monday | C52: 0.9032 | D52: 590 | E52: =D52-(C52*D52) -> 57.112 | F52: =E52*$E$5 -> 3141.16 | G52: =D52-(D52*G$3) -> 29.5 | H52: =G52-E52 -> -27.612
A53: 45580 | B53: Tuesday | C53: 0.9676 | D53: 586 | E53: =D53-(C53*D53) -> 18.9864 | F53: =E53*$E$5 -> 1044.252 | G53: =D53-(D53*G$3) -> 29.3 | H53: =G53-E53 -> 10.3136
A54: 45581 | B54: Wednesday | C54: 0.9623 | D54: 584 | E54: =D54-(C54*D54) -> 22.0168 | F54: =E54*$E$5 -> 1210.924 | G54: =D54-(D54*G$3) -> 29.2 | H54: =G54-E54 -> 7.1832
A55: 45582 | B55: Thursday | C55: 0.9366 | D55: 584 | E55: =D55-(C55*D55) -> 37.0256 | F55: =E55*$E$5 -> 2036.408 | G55: =D55-(D55*G$3) -> 29.2 | H55: =G55-E55 -> -7.8256
A56: 45583 | B56: Friday | C56: 0.9332 | D56: 584 | E56: =D56-(C56*D56) -> 39.0112 | F56: =E56*$E$5 -> 2145.616 | G56: =D56-(D56*G$3) -> 29.2 | H56: =G56-E56 -> -9.8112
A57: 45586 | B57: Monday | C57: 0.9452 | D57: 584 | E57: =D57-(C57*D57) -> 32.0032 | F57: =E57*$E$5 -> 1760.176 | G57: =D57-(D57*G$3) -> 29.2 | H57: =G57-E57 -> -2.8032
A58: 45587 | B58: Tuesday | C58: 0.959 | D58: 585 | E58: =D58-(C58*D58) -> 23.985 | F58: =E58*$E$5 -> 1319.175 | G58: =D58-(D58*G$3) -> 29.25 | H58: =G58-E58 -> 5.265
A59: 45588 | B59: Wednesday | C59: 0.9453 | D59: 585 | E59: =D59-(C59*D59) -> 31.9995 | F59: =E59*$E$5 -> 1759.9725 | G59: =D59-(D59*G$3) -> 29.25 | H59: =G59-E59 -> -2.7495
A60: 45589 | B60: Thursday | C60: 0.9573 | D60: 585 | E60: =D60-(C60*D60) -> 24.9795 | F60: =E60*$E$5 -> 1373.8725 | G60: =D60-(D60*G$3) -> 29.25 | H60: =G60-E60 -> 4.2705
A61: 45590 | B61: Friday | C61: 0.9419 | D61: 585 | E61: =D61-(C61*D61) -> 33.9885 | F61: =E61*$E$5 -> 1869.3675 | G61: =D61-(D61*G$3) -> 29.25 | H61: =G61-E61 -> -4.7385
A62: 45593 | B62: Monday | C62: 0.9505 | D62: 587 | E62: =D62-(C62*D62) -> 29.0565 | F62: =E62*$E$5 -> 1598.1075 | G62: =D62-(D62*G$3) -> 29.35 | H62: =G62-E62 -> 0.2935
A63: 45594 | B63: Tuesday | C63: 0.9573 | D63: 586 | E63: =D63-(C63*D63) -> 25.0222 | F63: =E63*$E$5 -> 1376.221 | G63: =D63-(D63*G$3) -> 29.3 | H63: =G63-E63 -> 4.2778
... A66: 45597 | B66: Friday | C66: 0.8433 | D66: 587 | E66: =D66-(C66*D66) -> 91.9829 | F66: =E66*$E$5 -> 5059.0595 | G66: =D66-(D66*G$3) -> 29.35 | H66: =G66-E66 -> -62.6329
A67: 45600 | B67: Monday | C67: 0 | E67: =D67-(C67*D67) -> 0 | F67: =E67*$E$5 -> 0 | G67: =D67-(D67*G$3) -> 0 | H67: =G67-E67 -> 0
A68: 45601 | B68: Tuesday | C68: 0 | E68: =D68-(C68*D68) -> 0 | F68: =E68*$E$5 -> 0 | G68: =D68-(D68*G$3) -> 0 | H68: =G68-E68 -> 0
A69: 45602 | B69: Wednesday | C69: 0.9456 | D69: 588 | E69: =D69-(C69*D69) -> 31.9872 | F69: =E69*$E$5 -> 1759.296 | G69: =D69-(D69*G$3) -> 29.4 | H69: =G69-E69 -> -2.5872
A70: 45603 | B70: Thursday | C70: 0.9745 | D70: 588 | E70: =D70-(C70*D70) -> 14.994 | F70: =E70*$E$5 -> 824.67 | G70: =D70-(D70*G$3) -> 29.4 | H70: =G70-E70 -> 14.406
A71: 45604 | B71: Friday | C71: 0.9677 | D71: 589 | E71: =D71-(C71*D71) -> 19.0247 | F71: =E71*$E$5 -> 1046.3585 | G71: =D71-(D71*G$3) -> 29.45 | H71: =G71-E71 -> 10.4253
A72: 45607 | B72: Monday | C72: 0.9543 | D72: 591 | E72: =D72-(C72*D72) -> 27.0087 | F72: =E72*$E$5 -> 1485.4785 | G72: =D72-(D72*G$3) -> 29.55 | H72: =G72-E72 -> 2.5413
A73: 45608 | B73: Tuesday | C73: 0.9509 | D73: 591 | E73: =D73-(C73*D73) -> 29.0181 | F73: =E73*$E$5 -> 1595.9955 | G73: =D73-(D73*G$3) -> 29.55 | H73: =G73-E73 -> 0.5319
A74: 45609 | B74: Wednesday | C74: 0.9594 | D74: 591 | E74: =D74-(C74*D74) -> 23.9946 | F74: =E74*$E$5 -> 1319.703 | G74: =D74-(D74*G$3) -> 29.55 | H74: =G74-E74 -> 5.5554
A75: 45610 | B75: Thursday | C75: 0.9289 | D75: 591 | E75: =D75-(C75*D75) -> 42.0201 | F75: =E75*$E$5 -> 2311.1055 | G75: =D75-(D75*G$3) -> 29.55 | H75: =G75-E75 -> -12.4701
A76: 45611 | B76: Friday | C76: 0.8985 | D76: 591 | E76: =D76-(C76*D76) -> 59.9865 | F76: =E76*$E$5 -> 3299.2575 | G76: =D76-(D76*G$3) -> 29.55 | H76: =G76-E76 -> -30.4365
A77: 45614 | B77: Monday | C77: 0.9357 | D77: 591 | E77: =D77-(C77*D77) -> 38.0013 | F77: =E77*$E$5 -> 2090.0715 | G77: =D77-(D77*G$3) -> 29.55 | H77: =G77-E77 -> -8.4513
A78: 45615 | B78: Tuesday | C78: 0.9357 | D78: 591 | E78: =D78-(C78*D78) -> 38.0013 | F78: =E78*$E$5 -> 2090.0715 | G78: =D78-(D78*G$3) -> 29.55 | H78: =G78-E78 -> -8.4513
A79: 45616 | B79: Wednesday | C79: 0.9628 | D79: 591 | E79: =D79-(C79*D79) -> 21.9852 | F79: =E79*$E$5 -> 1209.186 | G79: =D79-(D79*G$3) -> 29.55 | H79: =G79-E79 -> 7.5648
A80: 45617 | B80: Thursday | C80: 0.9442 | D80: 591 | E80: =D80-(C80*D80) -> 32.9778 | F80: =E80*$E$5 -> 1813.779 | G80: =D80-(D80*G$3) -> 29.55 | H80: =G80-E80 -> -3.4278
A81: 45618 | B81: Friday | C81: 0.9222 | D81: 591 | E81: =D81-(C81*D81) -> 45.9798 | F81: =E81*$E$5 -> 2528.889 | G81: =D81-(D81*G$3) -> 29.55 | H81: =G81-E81 -> -16.4298
A82: 45621 | B82: Monday | C82: 0 | E82: =D82-(C82*D82) -> 0 | F82: =E82*$E$5 -> 0 | G82: =D82-(D82*G$3) -> 0 | H82: =G82-E82 -> 0
A83: 45622 | B83: Tuesday | C83: 0 | E83: =D83-(C83*D83) -> 0 | F83: =E83*$E$5 -> 0 | G83: =D83-(D83*G$3) -> 0 | H83: =G83-E83 -> 0
A84: 45623 | B84: Wednesday | C84: 0 | E84: =D84-(C84*D84) -> 0 | F84: =E84*$E$5 -> 0 | G84: =D84-(D84*G$3) -> 0 | H84: =G84-E84 -> 0
A85: 45624 | B85: Thursday | C85: 0 | E85: =D85-(C86*D85) -> 0 | F85: =E85*$E$5 -> 0 | G85: =D85-(D85*G$3) -> 0 | H85: =G85-E85 -> 0
A86: 45625 | B86: Friday | C86: 0 | E86: =D86-(C87*D86) -> 0 | F86: =E86*$E$5 -> 0 | G86: =D86-(D86*G$3) -> 0 | H86: =G86-E86 -> 0
A87: 45628 | B87: Monday | C87: 0.9457 | D87: 589 | E87: =D87-(C88*D87) -> 27.9186 | F87: =E87*$E$5 -> 1535.523 | G87: =D87-(D87*G$3) -> 29.45 | H87: =G87-E87 -> 1.5314
A88: 45629 | B88: Tuesday | C88: 0.9526 | D88: 591 | E88: =D88-(C89*D88) -> 24.9993 | F88: =E88*$E$5 -> 1374.9615 | G88: =D88-(D88*G$3) -> 29.55 | H88: =G88-E88 -> 4.5507
A89: 45630 | B89: Wednesday | C89: 0.9577 | D89: 591 | E89: =D89-(C90*D89) -> 39.0651 | F89: =E89*$E$5 -> 2148.5805 | G89: =D89-(D89*G$3) -> 29.55 | H89: =G89-E89 -> -9.5151
A90: 45631 | B90: Thursday | C90: 0.9339 | D90: 590 | E90: =D90-(C91*D90) -> 34.987 | F90: =E90*$E$5 -> 1924.285 | G90: =D90-(D90*G$3) -> 29.5 | H90: =G90-E90 -> -5.487
A91: 45632 | B91: Friday | C91: 0.9407 | D91: 590 | E91: =D91-(C92*D91) -> 42.008 | F91: =E91*$E$5 -> 2310.44 | G91: =D91-(D91*G$3) -> 29.5 | H91: =G91-E91 -> -12.508
A92: 45635 | B92: Monday | C92: 0.9288 | D92: 590 | E92: =D92-(C93*D92) -> 23.01 | F92: =E92*$E$5 -> 1265.55 | G92: =D92-(D92*G$3) -> 29.5 | H92: =G92-E92 -> 6.49
A93: 45636 | B93: Tuesday | C93: 0.961 | D93: 590 | E93: =D93-(C94*D93) -> 25.016 | F93: =E93*$E$5 -> 1375.88 | G93: =D93-(D93*G$3) -> 29.5 | H93: =G93-E93 -> 4.484
A94: 45637 | B94: Wednesday | C94: 0.9576 | D94: 590 | E94: =D94-(C94*D94) -> 25.016 | F94: =E94*$E$5 -> 1375.88 | G94: =D94-(D94*G$3) -> 29.5 | H94: =G94-E94 -> 4.484
A95: 45638 | B95: Thursday | C95: 0.9441 | D95: 592 | E95: =D95-(C95*D95) -> 33.0928 | F95: =E95*$E$5 -> 1820.104 | G95: =D95-(D95*G$3) -> 29.6 | H95: =G95-E95 -> -3.4928
A96: 45639 | B96: Friday | C96: 0.9274 | D96: 592 | E96: =D96-(C96*D96) -> 42.9792 | F96: =E96*$E$5 -> 2363.856 | G96: =D96-(D96*G$3) -> 29.6 | H96: =G96-E96 -> -13.3792
A97: 45642 | B97: Monday | C97: 0.9544 | D97: 592 | E97: =D97-(C97*D97) -> 26.9952 | F97: =E97*$E$5 -> 1484.736 | G97: =D97-(D97*G$3) -> 29.6 | H97: =G97-E97 -> 2.6048
A98: 45643 | B98: Tuesday | C98: 0.9578 | D98: 592 | E98: =D98-(C98*D98) -> 24.9824 | F98: =E98*$E$5 -> 1374.032 | G98: =D98-(D98*G$3) -> 29.6 | H98: =G98-E98 -> 4.6176
A99: 45644 | B99: Wednesday | C99: 0.9595 | D99: 592 | E99: =D99-(C99*D99) -> 23.976 | F99: =E99*$E$5 -> 1318.68 | G99: =D99-(D99*G$3) -> 29.6 | H99: =G99-E99 -> 5.624
A100: 45645 | B100: Thursday | C100: 0.9645 | D100: 591 | E100: =D100-(C100*D100) -> 20.9805 | F100: =E100*$E$5 -> 1153.9275 | G100: =D100-(D100*G$3) -> 29.55 | H100: =G100-E100 -> 8.5695
A101: 45646 | B101: Friday | C101: 0.8037 | D101: 591 | E101: =D101-(C101*D101) -> 116.0133 | F101: =E101*$E$5 -> 6380.7315 | G101: =D101-(D101*G$3) -> 29.55 | H101: =G101-E101 -> -86.4633
A102: 45649 | B102: Monday | C102: 0 | E102: =D102-(C102*D102) -> 0 | F102: =E102*$E$5 -> 0 | G102: =D102-(D102*G$3) -> 0 | H102: =G102-E102 -> 0
A103: 45650 | B103: Tuesday | C103: 0 | E103: =D103-(C103*D103) -> 0 | F103: =E103*$E$5 -> 0 | G103: =D103-(D103*G$3) -> 0 | H103: =G103-E103 -> 0
A104: 45651 | B104: Wednesday | C104: 0 | E104: =D104-(C104*D104) -> 0 | F104: =E104*$E$5 -> 0 | G104: =D104-(D104*G$3) -> 0 | H104: =G104-E104 -> 0
...

Sheet SLE
K1: =SUM(K10:K218) -> #REF!
H2: Estimated $ Missed Annually | J2: District Goal | K2: Campus Teams HIGHLIGHTED CELLS INDICATE # OF STUDENTS ABSENT ABOVE DISTRICT GOAL
H3: =SUM(I7:I128) -> 218997.97 | J3: 0.95
H4: Estimated $ Per Student
H5: 55
A6: Date | B6: Day of the Week | C6: Campus ADA % | D6: Is ADA Below 90%? (Yes/No) | E6: If "Yes" Give Reason | F6: Explain if "Other" | G6: Enrollment | H6: # Students Absent | I6: Estimated $ Missed | J6: DISTRICTS # ABS GOAL
A7: 45516 | B7: Monday | C7: 1 | D7: NO | G7: 585 | H7: =G7-(C7*G7) -> 0 | I7: =H7*$H$5 -> 0 | J7: 0 | K7: =J7-H7 -> 0
A8: 45517 | B8: Tuesday | C8: 0.9813 | D8: NO | G8: 591 | H8: =G8-(C8*G8) -> 11.0517 | I8: =H8*$H$5 -> 607.8435 | J8: 0 | K8: =J8-H8 -> -11.0517
A9: 45518 | B9: Wednesday | C9: 0.9832 | D9: NO | G9: 599 | H9: =G9-(C9*G9) -> 10.0632 | I9: =H9*$H$5 -> 553.476 | J9: 0 | K9: =J9-H9 -> -10.0632
A10: 45519 | B10: Thursday | C10: 0.985 | D10: NO | G10: 604 | H10: =G10-(C10*G10) -> 9.06 | I10: =H10*$H$5 -> 498.3 | J10: 0 | K10: =J10-H10 -> -9.06
A11: 45520 | B11: Friday | C11: 0.9785 | D11: NO | G11: 608 | H11: =G11-(C11*G11) -> 13.072 | I11: =H11*$H$5 -> 718.96 | J11: 0 | K11: =J11-H11 -> -13.072
A12: 45523 | B12: Monday | C12: 0.9446 | D12: NO | G12: 614 | H12: =G7-(C7*G7) -> 0 | I12: =H12*$H$5 -> 0 | J12: 0 | K12: =J12-H12 -> 0
A13: 45524 | B13: Tuesday | C13: 0.9642 | D13: NO | G13: 615 | H13: =G13-(C13*G13) -> 22.017 | I13: =H13*$H$5 -> 1210.935 | J13: 0 | K13: =J13-H13 -> -22.017
A14: 45525 | B14: Wednesday | C14: 0.9756 | D14: NO | G14: 616 | H14: =G14-(C14*G14) -> 15.0304 | I14: =H14*$H$5 -> 826.672 | J14: 0 | K14: =J14-H14 -> -15.0304
A15: 45526 | B15: Thursday | C15: 0.966 | D15: NO | G15: 618 | H15: =G15-(C15*G15) -> 21.012 | I15: =H15*$H$5 -> 1155.66 | J15: 0 | K15: =J15-H15 -> -21.012
A16: 45527 | B16: Friday | C16: 0.966 | D16: NO | G16: 619 | H16: =G16-(C16*G16) -> 21.046 | I16: =H16*$H$5 -> 1157.53 | J16: 0 | K16: =J16-H16 -> -21.046
A17: 45530 | B17: Monday | C17: 0.9515 | D17: NO | G17: 618 | H17: =G17-(C17*G17) -> 29.973 | I17: =H17*$H$5 -> 1648.515 | J17: 0 | K17: =J17-H17 -> -29.973
A18: 45531 | B18: Tuesday | C18: 0.9742 | D18: NO | G18: 619 | H18: =G18-(C18*G18) -> 15.9702 | I18: =H18*$H$5 -> 878.361 | J18: 0 | K18: =J18-H18 -> -15.9702
A19: 45532 | B19: Wednesday | C19: 0.9626 | D19: NO | G19: 620 | H19: =G19-(C19*G19) -> 23.188 | I19: =H19*$H$5 -> 1275.34 | J19: 0 | K19: =J19-H19 -> -23.188
A20: 45533 | B20: Thursday | C20: 0.9855 | D20: NO | G20: 620 | H20: =G20-(C20*G20) -> 8.99 | I20: =H20*$H$5 -> 494.45 | J20: 0 | K20: =J20-H20 -> -8.99
A21: 45534 | B21: Friday | C21: 0.9468 | D21: NO | G21: 620 | H21: =G21-(C21*G21) -> 32.984 | I21: =H21*$H$5 -> 1814.12 | J21: 0 | K21: =J21-H21 -> -32.984
A22: 45537 | B22: Monday | H22: =G22-(C22*G22) -> 0 | I22: =H22*$H$5 -> 0 | J22: 0 | K22: =J22-H22 -> 0
A23: 45538 | B23: Tuesday | C23: 0.9583 | D23: NO | G23: 624 | H23: =G23-(C23*G23) -> 26.0208 | I23: =H23*$H$5 -> 1431.144 | J23: 0 | K23: =J23-H23 -> -26.0208
A24: 45539 | B24: Wednesday | C24: 0.9711 | D24: NO | G24: 622 | H24: =G24-(C24*G24) -> 17.9758 | I24: =H24*$H$5 -> 988.669 | J24: 0 | K24: =J24-H24 -> -17.9758
A25: 45540 | B25: Thursday | C25: 0.9727 | D25: NO | G25: 622 | H25: =G25-(C25*G25) -> 16.9806 | I25: =H25*$H$5 -> 933.933 | J25: 0 | K25: =J25-H25 -> -16.9806
A26: 45541 | B26: Friday | C26: 0.9515 | D26: NO | G26: 622 | H26: =G26-(C26*G26) -> 30.167 | I26: =H26*$H$5 -> 1659.185 | J26: 0 | K26: =J26-H26 -> -30.167
A27: 45544 | B27: Monday | C27: 0.9583 | D27: NO | G27: 623 | H27: =G27-(C27*G27) -> 25.9791 | I27: =H27*$H$5 -> 1428.8505 | J27: 0 | K27: =J27-H27 -> -25.9791
A28: 45545 | B28: Tuesday | C28: 0.9585 | D28: NO | G28: 627 | H28: =G28-(C28*G28) -> 26.0205 | I28: =H28*$H$5 -> 1431.1275 | J28: 0 | K28: =J28-H28 -> -26.0205
A29: 45546 | B29: Wednesday | C29: 0.9522 | D29: NO | G29: 627 | H29: =G29-(C29*G29) -> 29.9706 | I29: =H29*$H$5 -> 1648.383 | J29: 0 | K29: =J29-H29 -> -29.9706
A30: 45547 | B30: Thursday | C30: 0.9617 | D30: NO | G30: 627 | H30: =G30-(C30*G30) -> 24.0141 | I30: =H30*$H$5 -> 1320.7755 | J30: 0 | K30: =J30-H30 -> -24.0141
A31: 45548 | B31: Friday | C31: 0.9601 | D31: NO | G31: 626 | H31: =G31-(C31*G31) -> 24.9774 | I31: =H31*$H$5 -> 1373.757 | J31: 0 | K31: =J31-H31 -> -24.9774
A32: 45551 | B32: Monday | H32: =G32-(C32*G32) -> 0 | I32: =H32*$H$5 -> 0 | J32: 0 | K32: =J32-H32 -> 0
A33: 45552 | B33: Tuesday | C33: 0.9571 | D33: NO | G33: 628 | H33: =G33-(C33*G33) -> 26.9412 | I33: =H33*$H$5 -> 1481.766 | J33: 0 | K33: =J33-H33 -> -26.9412
A34: 45553 | B34: Wednesday | C34: 0.9682 | D34: NO | G34: 628 | H34: =G34-(C34*G34) -> 19.9704 | I34: =H34*$H$5 -> 1098.372 | J34: 0 | K34: =J34-H34 -> -19.9704
A35: 45554 | B35: Thursday | C35: 0.9555 | D35: NO | G35: 628 | H35: =G35-(C35*G35) -> 27.946 | I35: =H35*$H$5 -> 1537.03 | J35: 0 | K35: =J35-H35 -> -27.946
A36: 45555 | B36: Friday | C36: 0.9475 | D36: NO | G36: 628 | H36: =G36-(C36*G36) -> 32.97 | I36: =H36*$H$5 -> 1813.35 | J36: 0 | K36: =J36-H36 -> -32.97
A37: 45558 | B37: Monday | C37: 0.9475 | D37: NO | G37: 629 | H37: =G37-(C37*G37) -> 33.0225 | I37: =H37*$H$5 -> 1816.2375 | J37: 0 | K37: =J37-H37 -> -33.0225
A38: 45559 | B38: Tuesday | C38: 0.9602 | D38: NO | G38: 628 | H38: =G38-(C38*G38) -> 24.9944 | I38: =H38*$H$5 -> 1374.692 | J38: 0 | K38: =J38-H38 -> -24.9944
A39: 45560 | B39: Wednesday | C39: 0.9745 | D39: NO | G39: 628 | H39: =G39-(C39*G39) -> 16.014 | I39: =H39*$H$5 -> 880.77 | J39: 0 | K39: =J39-H39 -> -16.014
A40: 45561 | B40: Thursday | C40: 0.9666 | D40: NO | G40: 628 | H40: =G40-(C40*G40) -> 20.9752 | I40: =H40*$H$5 -> 1153.636 | J40: 0 | K40: =J40-H40 -> -20.9752
A41: 45562 | B41: Friday | C41: 0.9443 | D41: NO | G41: 628 | H41: =G41-(C41*G41) -> 34.9796 | I41: =H41*$H$5 -> 1923.878 | J41: 0 | K41: =J41-H41 -> -34.9796
A42: 45565 | B42: Monday | C42: 0.9411 | D42: NO | G42: 628 | H42: =G42-(C42*G42) -> 36.9892 | I42: =H42*$H$5 -> 2034.406 | J42: 0 | K42: =J42-H42 -> -36.9892
A43: 45566 | B43: Tuesday | C43: 0.9522 | D43: NO | G43: 627 | H43: =G43-(C43*G43) -> 29.9706 | I43: =H43*$H$5 -> 1648.383 | J43: 0 | K43: =J43-H43 -> -29.9706
A44: 45567 | B44: Wednesday | C44: 0.9713 | D44: NO | G44: 628 | H44: =G44-(C44*G44) -> 18.0236 | I44: =H44*$H$5 -> 991.298 | J44: 0 | K44: =J44-H44 -> -18.0236
... A46: 45569 | B46: Friday | C46: 0.9188 | D46: NO | G46: 628 | H46: =G46-(C46*G46) -> 50.9936 | I46: =H46*$H$5 -> 2804.648 | J46: 0 | K46: =J46-H46 -> -50.9936
A47: 45572 | B47: Monday | H47: =G47-(C47*G47) -> 0 | I47: =H47*$H$5 -> 0 | J47: 0 | K47: =J47-H47 -> 0
A48: 45573 | B48: Tuesday | H48: =G48-(C48*G48) -> 0 | I48: =H48*$H$5 -> 0 | J48: 0 | K48: =J48-H48 -> 0
A49: 45574 | B49: Wednesday | H49: =G49-(C49*G49) -> 0 | I49: =H49*$H$5 -> 0 | J49: 0 | K49: =J49-H49 -> 0
A50: 45575 | B50: Thursday | H50: =G50-(C50*G50) -> 0 | I50: =H50*$H$5 -> 0 | J50: 0 | K50: =J50-H50 -> 0
A51: 45576 | B51: Friday | H51: =G51-(C51*G51) -> 0 | I51: =H51*$H$5 -> 0 | J51: 0 | K51: =J51-H51 -> 0
A52: 45579 | B52: Monday | C52: 0.9219 | D52: NO | G52: 625 | H52: =G52-(C52*G52) -> 48.8125 | I52: =H52*$H$5 -> 2684.6875 | J52: 0 | K52: =J52-H52 -> -48.8125
A53: 45580 | B53: Tuesday | C53: 0.9506 | D53: NO | G53: 626 | H53: =G53-(C53*G53) -> 30.9244 | I53: =H53*$H$5 -> 1700.842 | J53: 0 | K53: =J53-H53 -> -30.9244
A54: 45581 | B54: Wednesday | C54: 0.9601 | D54: NO | G54: 626 | H54: =G54-(C54*G54) -> 24.9774 | I54: =H54*$H$5 -> 1373.757 | J54: 0 | K54: =J54-H54 -> -24.9774
A55: 45582 | B55: Thursday | C55: 0.9456 | D55: NO | G55: 625 | H55: =G55-(C55*G55) -> 34 | I55: =H55*$H$5 -> 1870 | J55: 0 | K55: =J55-H55 -> -34
A56: 45583 | B56: Friday | C56: 0.9396 | D56: NO | G56: 629 | H56: =G56-(C56*G56) -> 37.9916 | I56: =H56*$H$5 -> 2089.538 | J56: 0 | K56: =J56-H56 -> -37.9916
A57: 45586 | B57: Monday | C57: 0.9395 | D57: NO | G57: 628 | H57: =G57-(C57*G57) -> 37.994 | I57: =H57*$H$5 -> 2089.67 | J57: 0 | K57: =J57-H57 -> -37.994
A58: 45587 | B58: Tuesday | C58: 0.965 | D58: NO | G58: 628 | H58: =G58-(C58*G58) -> 21.98 | I58: =H58*$H$5 -> 1208.9 | J58: 0 | K58: =J58-H58 -> -21.98
A59: 45588 | B59: Wednesday | C59: 0.9554 | D59: NO | G59: 628 | H59: =G59-(C59*G59) -> 28.0088 | I59: =H59*$H$5 -> 1540.484 | J59: 0 | K59: =J59-H59 -> -28.0088
A60: 45589 | B60: Thursday | C60: 0.9646 | D60: NO | G60: 622 | H60: =G60-(C60*G60) -> 22.0188 | I60: =H60*$H$5 -> 1211.034 | J60: 0 | K60: =J60-H60 -> -22.0188
A61: 45590 | B61: Friday | C61: 0.9389 | D61: NO | G61: 622 | H61: =G61-(C61*G61) -> 38.0042 | I61: =H61*$H$5 -> 2090.231 | J61: 0 | K61: =J61-H61 -> -38.0042
A62: 45593 | B62: Monday | C62: 0.9373 | D62: NO | G62: 621 | H62: =G62-(C62*G62) -> 38.9367 | I62: =H62*$H$5 -> 2141.5185 | J62: 0 | K62: =J62-H62 -> -38.9367
A63: 45594 | B63: Tuesday | C63: 0.9758 | D63: NO | G63: 621 | H63: =G63-(C63*G63) -> 15.0282 | I63: =H63*$H$5 -> 826.551 | J63: 0 | K63: =J63-H63 -> -15.0282
... A66: 45597 | B66: Friday | C66: 0.9148 | D66: NO | G66: 622 | H66: =G66-(C66*G66) -> 52.9944 | I66: =H66*$H$5 -> 2914.692 | J66: 0 | K66: =J66-H66 -> -52.9944
A67: 45600 | B67: Monday | H67: =G67-(C67*G67) -> 0 | I67: =H67*$H$5 -> 0 | J67: 0 | K67: =J67-H67 -> 0
A68: 45601 | B68: Tuesday | H68: =G68-(C68*G68) -> 0 | I68: =H68*$H$5 -> 0 | J68: 0 | K68: =J68-H68 -> 0
A69: 45602 | B69: Wednesday | C69: 0.9437 | D69: NO | G69: 622 | H69: =G69-(C69*G69) -> 35.0186 | I69: =H69*$H$5 -> 1926.023 | J69: 0 | K69: =J69-H69 -> -35.0186
A70: 45603 | B70: Thursday | C70: 0.9727 | D70: NO | G70: 622 | H70: =G70-(C70*G70) -> 16.9806 | I70: =H70*$H$5 -> 933.933 | J70: 0 | K70: =J70-H70 -> -16.9806
A71: 45604 | B71: Friday | C71: 0.9551 | D71: NO | G71: 623 | H71: =G71-(C71*G71) -> 27.9727 | I71: =H71*$H$5 -> 1538.4985 | J71: 0 | K71: =J71-H71 -> -27.9727
A72: 45607 | B72: Monday | C72: 0.939 | D72: NO | G72: 622 | H72: =G72-(C72*G72) -> 37.942 | I72: =H72*$H$5 -> 2086.81 | J72: 0 | K72: =J72-H72 -> -37.942
A73: 45608 | B73: Tuesday | C73: 0.9727 | D73: NO | G73: 622 | H73: =G73-(C73*G73) -> 16.9806 | I73: =H73*$H$5 -> 933.933 | J73: 0 | K73: =J73-H73 -> -16.9806
A74: 45609 | B74: Wednesday | C74: 0.9726 | D74: NO | G74: 620 | H74: =G74-(C74*G74) -> 16.988 | I74: =H74*$H$5 -> 934.34 | J74: 0 | K74: =J74-H74 -> -16.988
A75: 45610 | B75: Thursday | C75: 0.963 | D75: NO | G75: 621 | H75: =G75-(C75*G75) -> 22.977 | I75: =H75*$H$5 -> 1263.735 | J75: 0 | K75: =J75-H75 -> -22.977
A76: 45611 | B76: Friday | C76: 0.9243 | D76: NO | G76: 621 | H76: =G76-(C76*G76) -> 47.0097 | I76: =H76*$H$5 -> 2585.5335 | J76: 0 | K76: =J76-H76 -> -47.0097
A77: 45614 | B77: Monday | C77: 0.934 | D77: NO | G77: 621 | H77: =G77-(C77*G77) -> 40.986 | I77: =H77*$H$5 -> 2254.23 | J77: 0 | K77: =J77-H77 -> -40.986
A78: 45615 | B78: Tuesday | C78: 0.9388 | D78: NO | G78: 621 | H78: =G78-(C78*G78) -> 38.0052 | I78: =H78*$H$5 -> 2090.286 | J78: 0 | K78: =J78-H78 -> -38.0052
A79: 45616 | B79: Wednesday | C79: 0.9583 | D79: NO | G79: 623 | H79: =G79-(C79*G79) -> 25.9791 | I79: =H79*$H$5 -> 1428.8505 | J79: 0 | K79: =J79-H79 -> -25.9791
A80: 45617 | B80: Thursday | C80: 0.9568 | D80: NO | G80: 625 | H80: =G80-(C80*G80) -> 27 | I80: =H80*$H$5 -> 1485 | J80: 0 | K80: =J80-H80 -> -27
A81: 45618 | B81: Friday | C81: 0.9088 | D81: NO | G81: 625 | H81: =G81-(C81*G81) -> 57 | I81: =H81*$H$5 -> 3135 | J81: 0 | K81: =J81-H81 -> -57
A82: 45621 | B82: Monday | H82: =G82-(C82*G82) -> 0 | I82: =H82*$H$5 -> 0 | J82: 0 | K82: =J82-H82 -> 0
A83: 45622 | B83: Tuesday | H83: =G83-(C83*G83) -> 0 | I83: =H83*$H$5 -> 0 | J83: 0 | K83: =J83-H83 -> 0
A84: 45623 | B84: Wednesday | H84: =G84-(C84*G84) -> 0 | I84: =H84*$H$5 -> 0 | J84: 0 | K84: =J84-H84 -> 0
A85: 45624 | B85: Thursday | H85: =G85-(C85*G85) -> 0 | I85: =H85*$H$5 -> 0 | J85: 0 | K85: =J85-H85 -> 0
A86: 45625 | B86: Friday | H86: =G86-(C86*G86) -> 0 | I86: =H86*$H$5 -> 0 | J86: 0 | K86: =J86-H86 -> 0
A87: 45628 | B87: Monday | C87: 0.9441 | D87: NO | G87: 626 | H87: =G87-(C87*G87) -> 34.9934 | I87: =H87*$H$5 -> 1924.637 | J87: 0 | K87: =J87-H87 -> -34.9934
A88: 45629 | B88: Tuesday | C88: 0.9633 | D88: NO | G88: 627 | H88: =G88-(C88*G88) -> 23.0109 | I88: =H88*$H$5 -> 1265.5995 | J88: 0 | K88: =J88-H88 -> -23.0109
A89: 45630 | B89: Wednesday | C89: 0.9649 | D89: NO | G89: 624 | H89: =G89-(C89*G89) -> 21.9024 | I89: =H89*$H$5 -> 1204.632 | J89: 0 | K89: =J89-H89 -> -21.9024
A90: 45631 | B90: Thursday | C90: 0.9696 | D90: NO | G90: 626 | H90: =G90-(C90*G90) -> 19.0304 | I90: =H90*$H$5 -> 1046.672 | J90: 0 | K90: =J90-H90 -> -19.0304
A91: 45632 | B91: Friday | C91: 0.9361 | D91: NO | G91: 626 | H91: =G91-(C91*G91) -> 40.0014 | I91: =H91*$H$5 -> 2200.077 | J91: 0 | K91: =J91-H91 -> -40.0014
A92: 45635 | B92: Monday | C92: 0.9281 | D92: NO | G92: 626 | H92: =G92-(C92*G92) -> 45.0094 | I92: =H92*$H$5 -> 2475.517 | J92: 0 | K92: =J92-H92 -> -45.0094
A93: 45636 | B93: Tuesday | C93: 0.9553 | D93: NO | G93: 627 | H93: =G93-(C93*G93) -> 28.0269 | I93: =H93*$H$5 -> 1541.4795 | J93: 0 | K93: =J93-H93 -> -28.0269
A94: 45637 | B94: Wednesday | C94: 0.9362 | D94: NO | G94: 627 | H94: =G94-(C94*G94) -> 40.0026 | I94: =H94*$H$5 -> 2200.143 | J94: 0 | K94: =J94-H94 -> -40.0026
A95: 45638 | B95: Thursday | C95: 0.9729 | D95: NO | G95: 627 | H95: =G95-(C95*G95) -> 16.9917 | I95: =H95*$H$5 -> 934.5435 | J95: 0 | K95: =J95-H95 -> -16.9917
A96: 45639 | B96: Friday | C96: 0.9442 | D96: NO | G96: 627 | H96: =G96-(C96*G96) -> 34.9866 | I96: =H96*$H$5 -> 1924.263 | J96: 0 | K96: =J96-H96 -> -34.9866
A97: 45642 | B97: Monday | C97: 0.9282 | D97: NO | G97: 627 | H97: =G97-(C97*G97) -> 45.0186 | I97: =H97*$H$5 -> 2476.023 | J97: 0 | K97: =J97-H97 -> -45.0186
A98: 45643 | B98: Tuesday | C98: 0.9856 | D98: NO | G98: 626 | H98: =G98-(C98*G98) -> 9.0144 | I98: =H98*$H$5 -> 495.792 | J98: 0 | K98: =J98-H98 -> -9.0144
... A101: 45646 | B101: Friday | C101: 0.9536 | D101: NO | G101: 625 | H101: =G101-(C101*G101) -> 29 | I101: =H101*$H$5 -> 1595 | J101: 0 | K101: =J101-H101 -> -29
A102: 45649 | B102: Monday | H102: =G102-(C102*G102) -> 0 | I102: =H102*$H$5 -> 0 | J102: 0 | K102: =J102-H102 -> 0
A103: 45650 | B103: Tuesday | H103: =G103-(C103*G103) -> 0 | I103: =H103*$H$5 -> 0 | J103: 0 | K103: =J103-H103 -> 0
A104: 45651 | B104: Wednesday | H104: =G104-(C104*G104) -> 0 | I104: =H104*$H$5 -> 0 | J104: 0 | K104: =J104-H104 -> 0
A105: 45652 | B105: Thursday | H105: =G105-(C105*G105) -> 0 | I105: =H105*$H$5 -> 0 | J105: 0 | K105: =J105-H105 -> 0
...

Sheet GE
K1: =SUM(K7:K215) -> #REF!
H2: Estimated $ Missed Annually | J2: District Goal | K2: Campus Teams HIGHLIGHTED CELLS INDICATE # OF STUDENTS ABSENT ABOVE DISTRICT GOAL
H3: =SUM(I7:I128) -> 165234.25 | J3: 0.95
H4: Estimated $ Per Student
H5: 55
H6: # Students Absent | I6: Estimated $ Missed | J6: DISTRICTS # ABS GOAL
A7: 45516 | B7: Monday | C7: 1 | D7: N | G7: 549 | H7: =G7-(C7*G7) -> 0 | I7: =H7*$H$5 -> 0 | J7: 0 | K7: =J7-H7 -> 0
A8: 45517 | B8: Tuesday | C8: 0.9965 | D8: N | G8: 571 | H8: =G8-(C8*G8) -> 1.9985 | I8: =H8*$H$5 -> 109.9175 | J8: =G8-(G8*J$3) -> 28.55 | K8: =J8-H8 -> 26.5515
A9: 45518 | B9: Wednesday | C9: 0.9826 | D9: N | G9: 575 | H9: =G9-(C9*G9) -> 10.005 | I9: =H9*$H$5 -> 550.275 | J9: =G9-(G9*J$3) -> 28.75 | K9: =J9-H9 -> 18.745
A10: 45519 | B10: Thursday | C10: 0.9861 | D10: N | G10: 576 | H10: =G10-(C10*G10) -> 8.0064 | I10: =H10*$H$5 -> 440.352 | J10: =G10-(G10*J$3) -> 28.8 | K10: =J10-H10 -> 20.7936
A11: 45520 | B11: Friday | C11: 0.9587 | D11: N | G11: 581 | H11: =G11-(C11*G11) -> 23.9953 | I11: =H11*$H$5 -> 1319.7415 | J11: =G11-(G11*J$3) -> 29.05 | K11: =J11-H11 -> 5.0547
A12: 45523 | B12: Monday | C12: 0.9464 | D12: N | E12: Health | G12: 597 | H12: =G12-(C12*G12) -> 31.9992 | I12: =H12*$H$5 -> 1759.956 | J12: =G12-(G12*J$3) -> 29.85 | K12: =J12-H12 -> -2.1492
A13: 45524 | B13: Tuesday | C13: 0.975 | D13: N | G13: 599 | H13: =G13-(C13*G13) -> 14.975 | I13: =H13*$H$5 -> 823.625 | J13: =G13-(G13*J$3) -> 29.95 | K13: =J13-H13 -> 14.975
A14: 45525 | B14: Wednesday | C14: 0.9635 | D14: N | G14: 603 | H14: =G14-(C14*G14) -> 22.0095 | I14: =H14*$H$5 -> 1210.5225 | J14: =G14-(G14*J$3) -> 30.15 | K14: =J14-H14 -> 8.1405
A15: 45526 | B15: Thursday | C15: 0.9635 | D15: N | G15: 603 | H15: =G15-(C15*G15) -> 22.0095 | I15: =H15*$H$5 -> 1210.5225 | J15: =G15-(G15*J$3) -> 30.15 | K15: =J15-H15 -> 8.1405
A16: 45527 | B16: Friday | C16: 0.932 | D16: N | G16: 603 | H16: =G16-(C16*G16) -> 41.004 | I16: =H16*$H$5 -> 2255.22 | J16: =G16-(G16*J$3) -> 30.15 | K16: =J16-H16 -> -10.854
A17: 45530 | B17: Monday | C17: 0.9536 | D17: N | G17: 603 | H17: =G17-(C17*G17) -> 27.9792 | I17: =H17*$H$5 -> 1538.856 | J17: =G17-(G17*J$3) -> 30.15 | K17: =J17-H17 -> 2.1708
A18: 45531 | B18: Tuesday | C18: 0.9586 | D18: N | G18: 604 | H18: =G18-(C18*G18) -> 25.0056 | I18: =H18*$H$5 -> 1375.308 | J18: =G18-(G18*J$3) -> 30.2 | K18: =J18-H18 -> 5.1944
A19: 45532 | B19: Wednesday | C19: 0.9404 | D19: N | G19: 604 | H19: =G19-(C19*G19) -> 35.9984 | I19: =H19*$H$5 -> 1979.912 | J19: =G19-(G19*J$3) -> 30.2 | K19: =J19-H19 -> -5.7984
A20: 45533 | B20: Thursday | C20: 0.9553 | D20: N | G20: 604 | H20: =G20-(C20*G20) -> 26.9988 | I20: =H20*$H$5 -> 1484.934 | J20: =G20-(G20*J$3) -> 30.2 | K20: =J20-H20 -> 3.2012
A21: 45534 | B21: Friday | C21: 0.9272 | D21: N | G21: 604 | H21: =G21-(C21*G21) -> 43.9712 | I21: =H21*$H$5 -> 2418.416 | J21: =G21-(G21*J$3) -> 30.2 | K21: =J21-H21 -> -13.7712
A22: 45537 | B22: Monday | H22: =G22-(C22*G22) -> 0 | I22: =H22*$H$5 -> 0 | J22: =G22-(G22*J$3) -> 0 | K22: =J22-H22 -> 0
A23: 45538 | B23: Tuesday | C23: 0.9423 | D23: N | G23: 607 | H23: =G23-(C23*G23) -> 35.0239 | I23: =H23*$H$5 -> 1926.3145 | J23: =G23-(G23*J$3) -> 30.35 | K23: =J23-H23 -> -4.6739
A24: 45539 | B24: Wednesday | C24: 0.9555 | D24: N | G24: 607 | H24: =G24-(C24*G24) -> 27.0115 | I24: =H24*$H$5 -> 1485.6325 | J24: =G24-(G24*J$3) -> 30.35 | K24: =J24-H24 -> 3.3385
A25: 45540 | B25: Thursday | C25: 0.9539 | D25: N | G25: 608 | H25: =G25-(C26*G25) -> 37.0272 | I25: =H25*$H$5 -> 2036.496 | J25: =G25-(G25*J$3) -> 30.4 | K25: =J25-H25 -> -6.6272
A26: 45541 | B26: Friday | C26: 0.9391 | D26: N | G26: 608 | H26: =G26-(C27*G26) -> 37.0272 | I26: =H26*$H$5 -> 2036.496 | J26: =G26-(G26*J$3) -> 30.4 | K26: =J26-H26 -> -6.6272
A27: 45544 | B27: Monday | C27: 0.9391 | D27: N | G27: 608 | H27: =G27-(C28*G27) -> 22.9824 | I27: =H27*$H$5 -> 1264.032 | J27: =G27-(G27*J$3) -> 30.4 | K27: =J27-H27 -> 7.4176
A28: 45545 | B28: Tuesday | C28: 0.9622 | D28: N | G28: 607 | H28: =G28-(C29*G28) -> 26.8901 | I28: =H28*$H$5 -> 1478.9555 | J28: =G28-(G28*J$3) -> 30.35 | K28: =J28-H28 -> 3.4599
A29: 45546 | B29: Wednesday | C29: 0.9557 | D29: N | G29: 609 | H29: =G29-(C29*G29) -> 26.9787 | I29: =H29*$H$5 -> 1483.8285 | J29: =G29-(G29*J$3) -> 30.45 | K29: =J29-H29 -> 3.4713
A30: 45547 | B30: Thursday | C30: 0.9541 | D30: N | G30: 610 | H30: =G30-(C30*G30) -> 27.999 | I30: =H30*$H$5 -> 1539.945 | J30: =G30-(G30*J$3) -> 30.5 | K30: =J30-H30 -> 2.501
A31: 45548 | B31: Friday | C31: 0.9475 | D31: N | G31: 610 | H31: =G31-(C31*G31) -> 32.025 | I31: =H31*$H$5 -> 1761.375 | J31: =G31-(G31*J$3) -> 30.5 | K31: =J31-H31 -> -1.525
A32: 45551 | B32: Monday | H32: =G32-(C32*G32) -> 0 | I32: =H32*$H$5 -> 0 | J32: =G32-(G32*J$3) -> 0 | K32: =J32-H32 -> 0
A33: 45552 | B33: Tuesday | C33: 0.9671 | D33: N | G33: 607 | H33: =G33-(C33*G33) -> 19.9703 | I33: =H33*$H$5 -> 1098.3665 | J33: =G33-(G33*J$3) -> 30.35 | K33: =J33-H33 -> 10.3797
A34: 45553 | B34: Wednesday | C34: 0.9638 | D34: N | G34: 607 | H34: =G34-(C34*G34) -> 21.9734 | I34: =H34*$H$5 -> 1208.537 | J34: =G34-(G34*J$3) -> 30.35 | K34: =J34-H34 -> 8.3766
A35: 45554 | B35: Thursday | C35: 0.9555 | D35: N | G35: 607 | H35: =G35-(C35*G35) -> 27.0115 | I35: =H35*$H$5 -> 1485.6325 | J35: =G35-(G35*J$3) -> 30.35 | K35: =J35-H35 -> 3.3385
A36: 45555 | B36: Friday | C36: 0.8896 | D36: N | G36: 606 | H36: =G36-(C36*G36) -> 66.9024 | I36: =H36*$H$5 -> 3679.632 | J36: =G36-(G36*J$3) -> 30.3 | K36: =J36-H36 -> -36.6024
A37: 45558 | B37: Monday | C37: 0.9539 | D37: N | G37: 608 | H37: =G37-(C37*G37) -> 28.0288 | I37: =H37*$H$5 -> 1541.584 | J37: =G37-(G37*J$3) -> 30.4 | K37: =J37-H37 -> 2.3712
A38: 45559 | B38: Tuesday | C38: 0.9605 | D38: N | G38: 608 | H38: =G38-(C38*G38) -> 24.016 | I38: =H38*$H$5 -> 1320.88 | J38: =G38-(G38*J$3) -> 30.4 | K38: =J38-H38 -> 6.384
A39: 45560 | B39: Wednesday | C39: 0.972 | D39: N | G39: 607 | H39: =G39-(C39*G39) -> 16.996 | I39: =H39*$H$5 -> 934.78 | J39: =G39-(G39*J$3) -> 30.35 | K39: =J39-H39 -> 13.354
A40: 45561 | B40: Thursday | C40: 0.9703 | D40: N | G40: 606 | H40: =G40-(C40*G40) -> 17.9982 | I40: =H40*$H$5 -> 989.901 | J40: =G40-(G40*J$3) -> 30.3 | K40: =J40-H40 -> 12.3018
A41: 45562 | B41: Friday | C41: 0.9391 | D41: N | G41: 608 | H41: =G41-(C41*G41) -> 37.0272 | I41: =H41*$H$5 -> 2036.496 | J41: =G41-(G41*J$3) -> 30.4 | K41: =J41-H41 -> -6.6272
A42: 45565 | B42: Monday | C42: 0.9456 | D42: N | G42: 607 | H42: =G42-(C42*G42) -> 33.0208 | I42: =H42*$H$5 -> 1816.144 | J42: =G42-(G42*J$3) -> 30.35 | K42: =J42-H42 -> -2.6708
A43: 45566 | B43: Tuesday | C43: 0.9457 | D43: N | G43: 607 | H43: =G43-(C43*G43) -> 32.9601 | I43: =H43*$H$5 -> 1812.8055 | J43: =G43-(G43*J$3) -> 30.35 | K43: =J43-H43 -> -2.6101
A44: 45567 | B44: Wednesday | C44: 0.9539 | D44: N | G44: 607 | H44: =G44-(C44*G44) -> 27.9827 | I44: =H44*$H$5 -> 1539.0485 | J44: =G44-(G44*J$3) -> 30.35 | K44: =J44-H44 -> 2.3673
... A46: 45569 | B46: Friday | C46: 0.9211 | D46: N | G46: 607 | H46: =G46-(C46*G46) -> 47.8923 | I46: =H46*$H$5 -> 2634.0765 | J46: =G46-(G46*J$3) -> 30.35 | K46: =J46-H46 -> -17.5423
A47: 45572 | B47: Monday | H47: =G47-(C47*G47) -> 0 | I47: =H47*$H$5 -> 0 | J47: =G47-(G47*J$3) -> 0 | K47: =J47-H47 -> 0
A48: 45573 | B48: Tuesday | H48: =G48-(C48*G48) -> 0 | I48: =H48*$H$5 -> 0 | J48: =G48-(G48*J$3) -> 0 | K48: =J48-H48 -> 0
A49: 45574 | B49: Wednesday | H49: =G49-(C49*G49) -> 0 | I49: =H49*$H$5 -> 0 | J49: =G49-(G49*J$3) -> 0 | K49: =J49-H49 -> 0
A50: 45575 | B50: Thursday | H50: =G50-(C50*G50) -> 0 | I50: =H50*$H$5 -> 0 | J50: =G50-(G50*J$3) -> 0 | K50: =J50-H50 -> 0
A51: 45576 | B51: Friday | H51: =G51-(C51*G51) -> 0 | I51: =H51*$H$5 -> 0 | J51: =G51-(G51*J$3) -> 0 | K51: =J51-H51 -> 0
A52: 45579 | B52: Monday | C52: 0.9276 | D52: N | G52: 608 | H52: =G52-(C52*G52) -> 44.0192 | I52: =H52*$H$5 -> 2421.056 | J52: =G52-(G52*J$3) -> 30.4 | K52: =J52-H52 -> -13.6192
A53: 45580 | B53: Tuesday | C53: 0.9622 | D53: N | G53: 608 | H53: =G53-(C53*G53) -> 22.9824 | I53: =H53*$H$5 -> 1264.032 | J53: =G53-(G53*J$3) -> 30.4 | K53: =J53-H53 -> 7.4176
A54: 45581 | B54: Wednesday | C54: 0.9572 | D54: N | G54: 607 | H54: =G54-(C54*G54) -> 25.9796 | I54: =H54*$H$5 -> 1428.878 | J54: =G54-(G54*J$3) -> 30.35 | K54: =J54-H54 -> 4.3704
A55: 45582 | B55: Thursday | C55: 0.9621 | D55: N | G55: 607 | H55: =G55-(C55*G55) -> 23.0053 | I55: =H55*$H$5 -> 1265.2915 | J55: =G55-(G55*J$3) -> 30.35 | K55: =J55-H55 -> 7.3447
A56: 45583 | B56: Friday | C56: 0.9274 | D56: N | G56: 607 | H56: =G56-(C56*G56) -> 44.0682 | I56: =H56*$H$5 -> 2423.751 | J56: =G56-(G56*J$3) -> 30.35 | K56: =J56-H56 -> -13.7182
A57: 45586 | B57: Monday | C57: 0.9473 | D57: N | G57: 607 | H57: =G57-(C57*G57) -> 31.9889 | I57: =H57*$H$5 -> 1759.3895 | J57: =G57-(G57*J$3) -> 30.35 | K57: =J57-H57 -> -1.6389
A58: 45587 | B58: Tuesday | C58: 0.9621 | D58: N | G58: 607 | H58: =G58-(C58*G58) -> 23.0053 | I58: =H58*$H$5 -> 1265.2915 | J58: =#REF!-(#REF!*J$3) -> #REF! | K58: =J58-H58 -> #REF!
A59: 45588 | B59: Wednesday | C59: 0.9671 | D59: N | G59: 607 | H59: =G58-(C59*G58) -> 19.9703 | I59: =H59*$H$5 -> 1098.3665 | J59: =G58-(G58*J$3) -> 30.35 | K59: =J59-H59 -> 10.3797
A60: 45589 | B60: Thursday | C60: 0.9439 | D60: N | G60: 606 | H60: =G60-(C60*G60) -> 33.9966 | I60: =H60*$H$5 -> 1869.813 | J60: =G60-(G60*J$3) -> 30.3 | K60: =J60-H60 -> -3.6966
A61: 45590 | B61: Friday | C61: 0.9142 | D61: N | G61: 606 | H61: =G61-(C61*G61) -> 51.9948 | I61: =H61*$H$5 -> 2859.714 | J61: =G61-(G61*J$3) -> 30.3 | K61: =J61-H61 -> -21.6948
A62: 45593 | B62: Monday | C62: 0.9421 | D62: N | G62: 605 | H62: =G62-(C62*G62) -> 35.0295 | I62: =H62*$H$5 -> 1926.6225 | J62: =G62-(G62*J$3) -> 30.25 | K62: =J62-H62 -> -4.7795
A63: 45594 | B63: Tuesday | C63: 0.9669 | D63: N | G63: 604 | H63: =G63-(C63*G63) -> 19.9924 | I63: =H63*$H$5 -> 1099.582 | J63: =G63-(G63*J$3) -> 30.2 | K63: =J63-H63 -> 10.2076
A64: 45595 | B64: Wednesday | C64: 0.9554 | D64: N | G64: 606 | H64: =G64-(C64*G64) -> 27.0276 | I64: =H64*$H$5 -> 1486.518 | J64: =G64-(G64*J$3) -> 30.3 | K64: =J64-H64 -> 3.2724
A65: 45596 | B65: Thursday | C65: 0.9455 | D65: N | G65: 606 | H65: =G65-(C65*G65) -> 33.027 | I65: =H65*$H$5 -> 1816.485 | J65: =G65-(G65*J$3) -> 30.3 | K65: =J65-H65 -> -2.727
A66: 45597 | B66: Friday | C66: 0.9026 | D66: N | G66: 606 | H66: =G66-(C66*G66) -> 59.0244 | I66: =H66*$H$5 -> 3246.342 | J66: =G66-(G66*J$3) -> 30.3 | K66: =J66-H66 -> -28.7244
A67: 45600 | B67: Monday | H67: =G67-(C67*G67) -> 0 | I67: =H67*$H$5 -> 0 | J67: =G67-(G67*J$3) -> 0 | K67: =J67-H67 -> 0
A68: 45601 | B68: Tuesday | H68: =G68-(C68*G68) -> 0 | I68: =H68*$H$5 -> 0 | J68: =G68-(G68*J$3) -> 0 | K68: =J68-H68 -> 0
A69: 45602 | B69: Wednesday | C69: 0.9636 | D69: N | G69: 605 | H69: =G69-(C69*G69) -> 22.022 | I69: =H69*$H$5 -> 1211.21 | J69: =G69-(G69*J$3) -> 30.25 | K69: =J69-H69 -> 8.228
A70: 45603 | B70: Thursday | C70: 0.9834 | D70: N | G70: 604 | H70: =G70-(C70*G70) -> 10.0264 | I70: =H70*$H$5 -> 551.452 | J70: =G70-(G70*J$3) -> 30.2 | K70: =J70-H70 -> 20.1736
A71: 45604 | B71: Friday | C71: 0.9437 | D71: N | G71: 604 | H71: =G71-(C71*G71) -> 34.0052 | I71: =H71*$H$5 -> 1870.286 | J71: =G71-(G71*J$3) -> 30.2 | K71: =J71-H71 -> -3.8052
A72: 45607 | B72: Monday | C72: 0.9437 | D72: N | G72: 604 | H72: =G72-(C72*G72) -> 34.0052 | I72: =H72*$H$5 -> 1870.286 | J72: =G72-(G72*J$3) -> 30.2 | K72: =J72-H72 -> -3.8052
A73: 45608 | B73: Tuesday | C73: 0.9603 | D73: N | G73: 604 | H73: =G73-(C73*G73) -> 23.9788 | I73: =H73*$H$5 -> 1318.834 | J73: =G73-(G73*J$3) -> 30.2 | K73: =J73-H73 -> 6.2212
A74: 45609 | B74: Wednesday | C74: 0.9735 | D74: N | G74: 604 | H74: =G74-(C74*G74) -> 16.006 | I74: =H74*$H$5 -> 880.33 | J74: =G74-(G74*J$3) -> 30.2 | K74: =J74-H74 -> 14.194
A75: 45610 | B75: Thursday | C75: 0.9669 | D75: N | G75: 604 | H75: =G75-(C75*G75) -> 19.9924 | I75: =H75*$H$5 -> 1099.582 | J75: =G75-(G75*J$3) -> 30.2 | K75: =J75-H75 -> 10.2076
A76: 45611 | B76: Friday | C76: 0.9354 | D76: N | G76: 604 | H76: =G76-(C76*G76) -> 39.0184 | I76: =H76*$H$5 -> 2146.012 | J76: =G76-(G76*J$3) -> 30.2 | K76: =J76-H76 -> -8.8184
A77: 45614 | B77: Monday | C77: 0.9237 | D77: N | G77: 604 | H77: =G77-(C77*G77) -> 46.0852 | I77: =H77*$H$5 -> 2534.686 | J77: =G77-(G77*J$3) -> 30.2 | K77: =J77-H77 -> -15.8852
A78: 45615 | B78: Tuesday | C78: 0.9586 | D78: N | G78: 604 | H78: =G78-(C78*G78) -> 25.0056 | I78: =H78*$H$5 -> 1375.308 | J78: =G78-(G78*J$3) -> 30.2 | K78: =J78-H78 -> 5.1944
A79: 45616 | B79: Wednesday | C79: 0.9487 | D79: N | G79: 604 | H79: =G79-(C79*G79) -> 30.9852 | I79: =H79*$H$5 -> 1704.186 | J79: =G79-(G79*J$3) -> 30.2 | K79: =J79-H79 -> -0.7852
A80: 45617 | B80: Thursday | C80: 0.9503 | D80: N | G80: 604 | H80: =G80-(C80*G80) -> 30.0188 | I80: =H80*$H$5 -> 1651.034 | J80: =G80-(G80*J$3) -> 30.2 | K80: =J80-H80 -> 0.1812
A81: 45618 | B81: Friday | C81: 0.9007 | D81: N | G81: 604 | H81: =G81-(C81*G81) -> 59.9772 | I81: =H81*$H$5 -> 3298.746 | J81: =G81-(G81*J$3) -> 30.2 | K81: =J81-H81 -> -29.7772
A82: 45621 | B82: Monday | H82: =G82-(C82*G82) -> 0 | I82: =H82*$H$5 -> 0 | J82: =G82-(G82*J$3) -> 0 | K82: =J82-H82 -> 0
A83: 45622 | B83: Tuesday | H83: =G83-(C83*G83) -> 0 | I83: =H83*$H$5 -> 0 | J83: =G83-(G83*J$3) -> 0 | K83: =J83-H83 -> 0
A84: 45623 | B84: Wednesday | H84: =G84-(C84*G84) -> 0 | I84: =H84*$H$5 -> 0 | J84: =G84-(G84*J$3) -> 0 | K84: =J84-H84 -> 0
A85: 45624 | B85: Thursday | H85: =G85-(C85*G85) -> 0 | I85: =H85*$H$5 -> 0 | J85: =G85-(G85*J$3) -> 0 | K85: =J85-H85 -> 0
A86: 45625 | B86: Friday | H86: =G86-(C86*G86) -> 0 | I86: =H86*$H$5 -> 0 | J86: =G86-(G86*J$3) -> 0 | K86: =J86-H86 -> 0
A87: 45628 | B87: Monday | C87: 0.932 | D87: N | G87: 603 | H87: =G87-(C87*G87) -> 41.004 | I87: =H87*$H$5 -> 2255.22 | J87: =G87-(G87*J$3) -> 30.15 | K87: =J87-H87 -> -10.854
A88: 45629 | B88: Tuesday | C88: 0.9653 | D88: N | G88: 605 | H88: =G88-(C88*G88) -> 20.9935 | I88: =H88*$H$5 -> 1154.6425 | J88: =G88-(G88*J$3) -> 30.25 | K88: =J88-H88 -> 9.2565
A89: 45630 | B89: Wednesday | C89: 0.9388 | D89: N | G89: 605 | H89: =G89-(C89*G89) -> 37.026 | I89: =H89*$H$5 -> 2036.43 | J89: =G89-(G89*J$3) -> 30.25 | K89: =J89-H89 -> -6.776
A90: 45631 | B90: Thursday | C90: 0.9603 | D90: N | G90: 605 | H90: =G90-(C90*G90) -> 24.0185 | I90: =H90*$H$5 -> 1321.0175 | J90: =G90-(G90*J$3) -> 30.25 | K90: =J90-H90 -> 6.2315
A91: 45632 | B91: Friday | C91: 0.9405 | D91: N | G91: 605 | H91: =G91-(C91*G91) -> 35.9975 | I91: =H91*$H$5 -> 1979.8625 | J91: =G91-(G91*J$3) -> 30.25 | K91: =J91-H91 -> -5.7475
A92: 45635 | B92: Monday | C92: 0.957 | D92: N | G92: 605 | H92: =G93-(C92*G93) -> 26.015 | I92: =H92*$H$5 -> 1430.825 | J92: =G93-(G93*J$3) -> 30.25 | K92: =J92-H92 -> 4.235
A93: 45636 | B93: Tuesday | C93: 0.962 | D93: N | G93: 605 | H93: =G94-(C93*G94) -> 22.99 | I93: =H93*$H$5 -> 1264.45 | J93: =G94-(G94*J$3) -> 30.25 | K93: =J93-H93 -> 7.26
A94: 45637 | B94: Wednesday | C94: 0.9603 | D94: N | G94: 605 | H94: =G95-(C94*G95) -> 24.1376 | I94: =H94*$H$5 -> 1327.568 | J94: =G94-(G94*J$3) -> 30.25 | K94: =J94-H94 -> 6.1124
A95: 45638 | B95: Thursday | C95: 0.9474 | D95: N | G95: 608 | H95: =G96-(C95*G96) -> 31.9808 | I95: =H95*$H$5 -> 1758.944 | J95: =G95-(G95*J$3) -> 30.4 | K95: =J95-H95 -> -1.5808
A96: 45639 | B96: Friday | C96: 0.9227 | D96: N | G96: 608 | H96: =G97-(C96*G97) -> 46.9984 | I96: =H96*$H$5 -> 2584.912 | J96: =G96-(G96*J$3) -> 30.4 | K96: =J96-H96 -> -16.5984
A97: 45642 | B97: Monday | C97: 0.9359 | D97: N | G97: 608 | H97: =G97-(C97*G97) -> 38.9728 | I97: =H97*$H$5 -> 2143.504 | J97: =G97-(G97*J$3) -> 30.4 | K97: =J97-H97 -> -8.5728
A98: 45643 | B98: Tuesday | C98: 0.9622 | D98: N | G98: 608 | H98: =G98-(C98*G98) -> 22.9824 | I98: =H98*$H$5 -> 1264.032 | J98: =G98-(G98*J$3) -> 30.4 | K98: =J98-H98 -> 7.4176
A99: 45644 | B99: Wednesday | C99: 0.9622 | D99: N | G99: 608 | H99: =G99-(C99*G99) -> 22.9824 | I99: =H99*$H$5 -> 1264.032 | J99: =G99-(G99*J$3) -> 30.4 | K99: =J99-H99 -> 7.4176
A100: 45645 | B100: Thursday | C100: 0.9293 | D100: N | G100: 608 | H100: =G100-(C100*G100) -> 42.9856 | I100: =H100*$H$5 -> 2364.208 | J100: =G100-(G100*J$3) -> 30.4 | K100: =J100-H100 -> -12.5856
A101: 45646 | B101: Friday | C101: 0.9063 | D101: N | G101: 608 | H101: =G101-(C101*G101) -> 56.9696 | I101: =H101*$H$5 -> 3133.328 | J101: =G101-(G101*J$3) -> 30.4 | K101: =J101-H101 -> -26.5696
...

Sheet CE
K1: =SUM(K7:K215) -> #REF!
A2: CARROLL ELEMENTARY | H2: Estimated $ Missed Annually | J2: District Goal | K2: Campus Teams HIGHLIGHTED CELLS INDICATE # OF STUDENTS ABSENT ABOVE DISTRICT GOAL
H3: =SUM(I7:I128) -> 127930.15 | J3: 0.95
H4: Estimated $ Per Student
H5: 55
A6: Date | B6: Day of the Week | C6: Campus ADA % | D6: Is ADA Below 90%? (Yes/No) | E6: If "Yes" Give Reason | F6: Explain if "Other" | G6: Enrollment | H6: # Students Absent | I6: Estimated $ Missed | J6: DISTRICTS # ABS GOAL
A7: 45516 | B7: Monday | C7: 1 | D7: No | G7: 486 | H7: =G7-(C7*G7) -> 0 | I7: =H7*$H$5 -> 0 | J7: 0 | K7: =J7-H7 -> 0
A8: 45517 | B8: Tuesday | C8: 0.998 | D8: No | G8: 501 | H8: =G8-(C8*G8) -> 1.002 | I8: =H8*$H$5 -> 55.11 | J8: =G8-(G8*J$3) -> 25.05 | K8: =J8-H8 -> 24.048
A9: 45518 | B9: Wednesday | C9: 0.9942 | D9: no | G9: 514 | H9: =G9-(C9*G9) -> 2.9812 | I9: =H9*$H$5 -> 163.966 | J9: =G9-(G9*J$3) -> 25.7 | K9: =J9-H9 -> 22.7188
A10: 45519 | B10: Thursday | F10: Power outage, no school. | H10: =G10-(C10*G10) -> 0 | I10: =H10*$H$5 -> 0 | J10: =G10-(G10*J$3) -> 0 | K10: =J10-H10 -> 0
A11: 45520 | B11: Friday | C11: 0.9711 | D11: No | G11: 519 | H11: =G11-(C11*G11) -> 14.9991 | I11: =H11*$H$5 -> 824.9505 | J11: =G11-(G11*J$3) -> 25.95 | K11: =J11-H11 -> 10.9509
A12: 45523 | B12: Monday | C12: 0.9771 | D12: No | G12: 524 | H12: =G12-(C12*G12) -> 11.9996 | I12: =H12*$H$5 -> 659.978 | J12: =G12-(G12*J$3) -> 26.2 | K12: =J12-H12 -> 14.2004
A13: 45524 | B13: Tuesday | C13: 0.9716 | D13: No | G13: 529 | H13: =G13-(C13*G13) -> 15.0236 | I13: =H13*$H$5 -> 826.298 | J13: =G13-(G13*J$3) -> 26.45 | K13: =J13-H13 -> 11.4264
A14: 45525 | B14: Wednesday | C14: 0.966 | D14: No | G14: 530 | H14: =G14-(C14*G14) -> 18.02 | I14: =H14*$H$5 -> 991.1 | J14: =G14-(G14*J$3) -> 26.5 | K14: =J14-H14 -> 8.48
A15: 45526 | B15: Thursday | C15: 0.9718 | D15: No | G15: 531 | H15: =G15-(C15*G15) -> 14.9742 | I15: =H15*$H$5 -> 823.581 | J15: =G15-(G15*J$3) -> 26.55 | K15: =J15-H15 -> 11.5758
A16: 45527 | B16: Friday | C16: 0.9455 | D16: No | G16: 532 | H16: =G16-(C16*G16) -> 28.994 | I16: =H16*$H$5 -> 1594.67 | J16: =G16-(G16*J$3) -> 26.6 | K16: =J16-H16 -> -2.394
A17: 45530 | B17: Monday | C17: 0.9346 | D17: No | G17: 535 | H17: =G17-(C17*G17) -> 34.989 | I17: =H17*$H$5 -> 1924.395 | J17: =G17-(G17*J$3) -> 26.75 | K17: =J17-H17 -> -8.239
A18: 45531 | B18: Tuesday | C18: 0.9533 | D18: No | G18: 535 | H18: =G18-(C18*G18) -> 24.9845 | I18: =H18*$H$5 -> 1374.1475 | J18: =G18-(G18*J$3) -> 26.75 | K18: =J18-H18 -> 1.7655
A19: 45532 | B19: Wednesday | C19: 0.9572 | D19: No | G19: 538 | H19: =G19-(C19*G19) -> 23.0264 | I19: =H19*$H$5 -> 1266.452 | J19: =G19-(G19*J$3) -> 26.9 | K19: =J19-H19 -> 3.8736
A20: 45533 | B20: Thursday | C20: 0.9553 | D20: No | G20: 537 | H20: =G20-(C20*G20) -> 24.0039 | I20: =H20*$H$5 -> 1320.2145 | J20: =G20-(G20*J$3) -> 26.85 | K20: =J20-H20 -> 2.8461
A21: 45534 | B21: Friday | C21: 0.9459 | D21: No | G21: 536 | H21: =G21-(C21*G21) -> 28.9976 | I21: =H21*$H$5 -> 1594.868 | J21: =G21-(G21*J$3) -> 26.8 | K21: =J21-H21 -> -2.1976
A22: 45537 | B22: Monday | H22: =G22-(C22*G22) -> 0 | I22: =H22*$H$5 -> 0 | J22: =G22-(G22*J$3) -> 0 | K22: =J22-H22 -> 0
A23: 45538 | B23: Tuesday | C23: 0.9493 | D23: No | G23: 533 | H23: =G23-(C23*G23) -> 27.0231 | I23: =H23*$H$5 -> 1486.2705 | J23: =G23-(G23*J$3) -> 26.65 | K23: =J23-H23 -> -0.3731
A24: 45539 | B24: Wednesday | C24: 0.9605 | D24: No | G24: 532 | H24: =G24-(C24*G24) -> 21.014 | I24: =H24*$H$5 -> 1155.77 | J24: =G24-(G24*J$3) -> 26.6 | K24: =J24-H24 -> 5.586
A25: 45540 | B25: Thursday | C25: 0.9586 | D25: No | G25: 532 | H25: =G25-(C25*G25) -> 22.0248 | I25: =H25*$H$5 -> 1211.364 | J25: =G25-(G25*J$3) -> 26.6 | K25: =J25-H25 -> 4.5752
A26: 45541 | B26: Friday | C26: 0.9193 | D26: No | G26: 533 | H26: =G26-(C26*G26) -> 43.0131 | I26: =H26*$H$5 -> 2365.7205 | J26: =G26-(G26*J$3) -> 26.65 | K26: =J26-H26 -> -16.3631
A27: 45544 | B27: Monday | C27: 0.9606 | D27: No | G27: 533 | H27: =G27-(C27*G27) -> 21.0002 | I27: =H27*$H$5 -> 1155.011 | J27: =G27-(G27*J$3) -> 26.65 | K27: =J27-H27 -> 5.6498
A28: 45545 | B28: Tuesday | C28: 0.9606 | D28: No | G28: 533 | H28: =G28-(C28*G28) -> 21.0002 | I28: =H28*$H$5 -> 1155.011 | J28: =G28-(G28*J$3) -> 26.65 | K28: =J28-H28 -> 5.6498
A29: 45546 | B29: Wednesday | C29: 0.9607 | D29: No | G29: 534 | H29: =G29-(C29*G29) -> 20.9862 | I29: =H29*$H$5 -> 1154.241 | J29: =G29-(G29*J$3) -> 26.7 | K29: =J29-H29 -> 5.7138
A30: 45547 | B30: Thursday | C30: 0.9663 | D30: No | G30: 534 | H30: =G30-(C30*G30) -> 17.9958 | I30: =H30*$H$5 -> 989.769 | J30: =G30-(G30*J$3) -> 26.7 | K30: =J30-H30 -> 8.7042
A31: 45548 | B31: Friday | C31: 0.9438 | D31: No | G31: 534 | H31: =G31-(C31*G31) -> 30.0108 | I31: =H31*$H$5 -> 1650.594 | J31: =G31-(G31*J$3) -> 26.7 | K31: =J31-H31 -> -3.3108
A32: 45551 | B32: Monday | H32: =G32-(C32*G32) -> 0 | I32: =H32*$H$5 -> 0 | J32: =G32-(G32*J$3) -> 0 | K32: =J32-H32 -> 0
A33: 45552 | B33: Tuesday | C33: 0.9627 | D33: No | G33: 536 | H33: =G33-(C33*G33) -> 19.9928 | I33: =H33*$H$5 -> 1099.604 | J33: =G33-(G33*J$3) -> 26.8 | K33: =J33-H33 -> 6.8072
A34: 45553 | B34: Wednesday | C34: 0.9757 | D34: No | G34: 536 | H34: =G34-(C34*G34) -> 13.0248 | I34: =H34*$H$5 -> 716.364 | J34: =G34-(G34*J$3) -> 26.8 | K34: =J34-H34 -> 13.7752
A35: 45554 | B35: Thursday | C35: 0.9683 | D35: No | G35: 536 | H35: =G35-(C35*G35) -> 16.9912 | I35: =H35*$H$5 -> 934.516 | J35: =G35-(G35*J$3) -> 26.8 | K35: =J35-H35 -> 9.8088
A36: 45555 | B36: Friday | C36: 0.9366 | D36: No | G36: 536 | H36: =G36-(C36*G36) -> 33.9824 | I36: =H36*$H$5 -> 1869.032 | J36: =G36-(G36*J$3) -> 26.8 | K36: =J36-H36 -> -7.1824
A37: 45558 | B37: Monday | C37: 0.9497 | D37: No | G37: 537 | H37: =G37-(C37*G37) -> 27.0111 | I37: =H37*$H$5 -> 1485.6105 | J37: =G37-(G37*J$3) -> 26.85 | K37: =J37-H37 -> -0.1611
A38: 45559 | B38: Tuesday | C38: 0.9516 | D38: No | G38: 537 | H38: =G38-(C38*G38) -> 25.9908 | I38: =H38*$H$5 -> 1429.494 | J38: =G38-(G38*J$3) -> 26.85 | K38: =J38-H38 -> 0.8592
A39: 45560 | B39: Wednesday | C39: 0.9777 | D39: No | G39: 537 | H39: =G39-(C39*G39) -> 11.9751 | I39: =H39*$H$5 -> 658.6305 | J39: =G39-(G39*J$3) -> 26.85 | K39: =J39-H39 -> 14.8749
A40: 45561 | B40: Thursday | C40: 0.9702 | D40: No | G40: 537 | H40: =G40-(C40*G40) -> 16.0026 | I40: =H40*$H$5 -> 880.143 | J40: =G40-(G40*J$3) -> 26.85 | K40: =J40-H40 -> 10.8474
A41: 45562 | B41: Friday | C41: 0.9367 | D41: No | G41: 537 | H41: =G41-(C41*G41) -> 33.9921 | I41: =H41*$H$5 -> 1869.5655 | J41: =G41-(G41*J$3) -> 26.85 | K41: =J41-H41 -> -7.1421
A42: 45565 | B42: Monday | C42: 0.9481 | D42: No | G42: 539 | H42: =G42-(C42*G42) -> 27.9741 | I42: =H42*$H$5 -> 1538.5755 | J42: =G42-(G42*J$3) -> 26.95 | K42: =J42-H42 -> -1.0241
A43: 45566 | B43: Tuesday | C43: 0.9722 | D43: No | G43: 539 | H43: =G43-(C43*G43) -> 14.9842 | I43: =H43*$H$5 -> 824.131 | J43: =G43-(G43*J$3) -> 26.95 | K43: =J43-H43 -> 11.9658
A44: 45567 | B44: Wednesday | C44: 0.9703 | D44: No | G44: 539 | H44: =G44-(C44*G44) -> 16.0083 | I44: =H44*$H$5 -> 880.4565 | J44: =G44-(G44*J$3) -> 26.95 | K44: =J44-H44 -> 10.9417
... A46: 45569 | B46: Friday | C46: 0.9295 | D46: No | G46: 539 | H46: =G46-(C46*G46) -> 37.9995 | I46: =H46*$H$5 -> 2089.9725 | J46: =G46-(G46*J$3) -> 26.95 | K46: =J46-H46 -> -11.0495
A47: 45572 | B47: Monday | H47: =G47-(C47*G47) -> 0 | I47: =H47*$H$5 -> 0 | J47: =G47-(G47*J$3) -> 0 | K47: =J47-H47 -> 0
A48: 45573 | B48: Tuesday | H48: =G48-(C48*G48) -> 0 | I48: =H48*$H$5 -> 0 | J48: =G48-(G48*J$3) -> 0 | K48: =J48-H48 -> 0
A49: 45574 | B49: Wednesday | H49: =G49-(C49*G49) -> 0 | I49: =H49*$H$5 -> 0 | J49: =G49-(G49*J$3) -> 0 | K49: =J49-H49 -> 0
A50: 45575 | B50: Thursday | H50: =G50-(C50*G50) -> 0 | I50: =H50*$H$5 -> 0 | J50: =G50-(G50*J$3) -> 0 | K50: =J50-H50 -> 0
A51: 45576 | B51: Friday | H51: =G51-(C51*G51) -> 0 | I51: =H51*$H$5 -> 0 | J51: =G51-(G51*J$3) -> 0 | K51: =J51-H51 -> 0
A52: 45579 | B52: Monday | C52: 0.937 | D52: No | G52: 540 | H52: =G52-(C52*G52) -> 34.02 | I52: =H52*$H$5 -> 1871.1 | J52: =G52-(G52*J$3) -> 27 | K52: =J52-H52 -> -7.02
A53: 45580 | B53: Tuesday | C53: 0.9537 | D53: No | G53: 540 | H53: =G53-(C53*G53) -> 25.002 | I53: =H53*$H$5 -> 1375.11 | J53: =G53-(G53*J$3) -> 27 | K53: =J53-H53 -> 1.998
A54: 45581 | B54: Wednesday | C54: 0.963 | D54: No | G54: 540 | H54: =G54-(C54*G54) -> 19.98 | I54: =H54*$H$5 -> 1098.9 | J54: =G54-(G54*J$3) -> 27 | K54: =J54-H54 -> 7.02
A55: 45582 | B55: Thursday | C55: 0.9519 | D55: No | G55: 540 | H55: =G55-(C55*G55) -> 25.974 | I55: =H55*$H$5 -> 1428.57 | J55: =G55-(G55*J$3) -> 27 | K55: =J55-H55 -> 1.026
A56: 45583 | B56: Friday | C56: 0.9349 | D56: No | G56: 538 | H56: =G56-(C56*G56) -> 35.0238 | I56: =H56*$H$5 -> 1926.309 | J56: =G56-(G56*J$3) -> 26.9 | K56: =J56-H56 -> -8.1238
A57: 45586 | B57: Monday | C57: 0.9271 | D57: No | G57: 535 | H57: =G57-(C57*G57) -> 39.0015 | I57: =H57*$H$5 -> 2145.0825 | J57: =G57-(G57*J$3) -> 26.75 | K57: =J57-H57 -> -12.2515
A58: 45587 | B58: Tuesday | C58: 0.9384 | D58: No | G58: 536 | H58: =G58-(C58*G58) -> 33.0176 | I58: =H58*$H$5 -> 1815.968 | J58: =G58-(G58*J$3) -> 26.8 | K58: =J58-H58 -> -6.2176
A59: 45588 | B59: Wednesday | C59: 0.9757 | D59: No | G59: 536 | H59: =G59-(C59*G59) -> 13.0248 | I59: =H59*$H$5 -> 716.364 | J59: =G59-(G59*J$3) -> 26.8 | K59: =J59-H59 -> 13.7752
A60: 45589 | B60: Thursday | C60: 0.9664 | D60: No | G60: 536 | H60: =G60-(C60*G60) -> 18.0096 | I60: =H60*$H$5 -> 990.528 | J60: =G60-(G60*J$3) -> 26.8 | K60: =J60-H60 -> 8.7904
A61: 45590 | B61: Friday | C61: 0.9515 | D61: No | G61: 536 | H61: =G61-(C61*G61) -> 25.996 | I61: =H61*$H$5 -> 1429.78 | J61: =G61-(G61*J$3) -> 26.8 | K61: =J61-H61 -> 0.804
A62: 45593 | B62: Monday | C62: 0.9515 | D62: No | G62: 536 | H62: =G62-(C62*G62) -> 25.996 | I62: =H62*$H$5 -> 1429.78 | J62: =G62-(G62*J$3) -> 26.8 | K62: =J62-H62 -> 0.804
A63: 45594 | B63: Tuesday | C63: 0.9646 | D63: No | G63: 536 | H63: =G63-(C63*G63) -> 18.9744 | I63: =H63*$H$5 -> 1043.592 | J63: =G63-(G63*J$3) -> 26.8 | K63: =J63-H63 -> 7.8256
... A66: 45597 | B66: Friday | C66: 0.9028 | D66: No | G66: 535 | H66: =G66-(C66*G66) -> 52.002 | I66: =H66*$H$5 -> 2860.11 | J66: =G66-(G66*J$3) -> 26.75 | K66: =J66-H66 -> -25.252
A67: 45600 | B67: Monday | H67: =G67-(C67*G67) -> 0 | I67: =H67*$H$5 -> 0 | J67: =G67-(G67*J$3) -> 0 | K67: =J67-H67 -> 0
A68: 45601 | B68: Tuesday | H68: =G68-(C68*G68) -> 0 | I68: =H68*$H$5 -> 0 | J68: =G68-(G68*J$3) -> 0 | K68: =J68-H68 -> 0
A69: 45602 | B69: Wednesday | C69: 0.9551 | D69: No | G69: 535 | H69: =G69-(C69*G69) -> 24.0215 | I69: =H69*$H$5 -> 1321.1825 | J69: =G69-(G69*J$3) -> 26.75 | K69: =J69-H69 -> 2.7285
A70: 45603 | B70: Thursday | C70: 0.9605 | D70: No | G70: 532 | H70: =G70-(C70*G70) -> 21.014 | I70: =H70*$H$5 -> 1155.77 | J70: =G70-(G70*J$3) -> 26.6 | K70: =J70-H70 -> 5.586
A71: 45604 | B71: Friday | C71: 0.953 | D71: No | G71: 532 | H71: =G71-(C71*G71) -> 25.004 | I71: =H71*$H$5 -> 1375.22 | J71: =G71-(G71*J$3) -> 26.6 | K71: =J71-H71 -> 1.596
A72: 45607 | B72: Monday | C72: 0.953 | D72: No | G72: 532 | H72: =G72-(C72*G72) -> 25.004 | I72: =H72*$H$5 -> 1375.22 | J72: =G72-(G72*J$3) -> 26.6 | K72: =J72-H72 -> 1.596
A73: 45608 | B73: Tuesday | C73: 0.949 | D73: No | G73: 529 | H73: =G73-(C73*G73) -> 26.979 | I73: =H73*$H$5 -> 1483.845 | J73: =G73-(G73*J$3) -> 26.45 | K73: =J73-H73 -> -0.529
A74: 45609 | B74: Wednesday | C74: 0.9641 | D74: No | G74: 529 | H74: =G74-(C74*G74) -> 18.9911 | I74: =H74*$H$5 -> 1044.5105 | J74: =G74-(G74*J$3) -> 26.45 | K74: =J74-H74 -> 7.4589
A75: 45610 | B75: Thursday | C75: 0.949 | D75: No | G75: 529 | H75: =G75-(C75*G75) -> 26.979 | I75: =H75*$H$5 -> 1483.845 | J75: =G75-(G75*J$3) -> 26.45 | K75: =J75-H75 -> -0.529
A76: 45611 | B76: Friday | C76: 0.9527 | D76: No | G76: 529 | H76: =G76-(C76*G76) -> 25.0217 | I76: =H76*$H$5 -> 1376.1935 | J76: =G76-(G76*J$3) -> 26.45 | K76: =J76-H76 -> 1.4283
A77: 45614 | B77: Monday | C77: 0.9301 | D77: No | G77: 529 | H77: =G77-(C77*G77) -> 36.9771 | I77: =H77*$H$5 -> 2033.7405 | J77: =G77-(G77*J$3) -> 26.45 | K77: =J77-H77 -> -10.5271
A78: 45615 | B78: Tuesday | C78: 0.9546 | D78: No | G78: 529 | H78: =G78-(C78*G78) -> 24.0166 | I78: =H78*$H$5 -> 1320.913 | J78: =G78-(G78*J$3) -> 26.45 | K78: =J78-H78 -> 2.4334
A79: 45616 | B79: Wednesday | C79: 0.9679 | D79: No | G79: 529 | H79: =G79-(C79*G79) -> 16.9809 | I79: =H79*$H$5 -> 933.9495 | J79: =G79-(G79*J$3) -> 26.45 | K79: =J79-H79 -> 9.4691
A80: 45617 | B80: Thursday | C80: 0.9584 | D80: No | G80: 529 | H80: =G80-(C80*G80) -> 22.0064 | I80: =H80*$H$5 -> 1210.352 | J80: =G80-(G80*J$3) -> 26.45 | K80: =J80-H80 -> 4.4436
A81: 45618 | B81: Friday | C81: 0.9017 | D81: No | G81: 529 | H81: =G81-(C81*G81) -> 52.0007 | I81: =H81*$H$5 -> 2860.0385 | J81: =G81-(G81*J$3) -> 26.45 | K81: =J81-H81 -> -25.5507
A82: 45621 | B82: Monday | H82: =G82-(C82*G82) -> 0 | I82: =H82*$H$5 -> 0 | J82: =G82-(G82*J$3) -> 0 | K82: =J82-H82 -> 0
A83: 45622 | B83: Tuesday | H83: =G83-(C83*G83) -> 0 | I83: =H83*$H$5 -> 0 | J83: =G83-(G83*J$3) -> 0 | K83: =J83-H83 -> 0
A84: 45623 | B84: Wednesday | H84: =G84-(C84*G84) -> 0 | I84: =H84*$H$5 -> 0 | J84: =G84-(G84*J$3) -> 0 | K84: =J84-H84 -> 0
A85: 45624 | B85: Thursday | H85: =G85-(C85*G85) -> 0 | I85: =H85*$H$5 -> 0 | J85: =G85-(G85*J$3) -> 0 | K85: =J85-H85 -> 0
A86: 45625 | B86: Friday | H86: =G86-(C86*G86) -> 0 | I86: =H86*$H$5 -> 0 | J86: =G86-(G86*J$3) -> 0 | K86: =J86-H86 -> 0
A87: 45628 | B87: Monday | C87: 0.9414 | D87: No | G87: 529 | H87: =G87-(C87*G87) -> 30.9994 | I87: =H87*$H$5 -> 1704.967 | J87: =G87-(G87*J$3) -> 26.45 | K87: =J87-H87 -> -4.5494
A88: 45629 | B88: Tuesday | C88: 0.9395 | D88: No | G88: 529 | H88: =G88-(C88*G88) -> 32.0045 | I88: =H88*$H$5 -> 1760.2475 | J88: =G88-(G88*J$3) -> 26.45 | K88: =J88-H88 -> -5.5545
A89: 45630 | B89: Wednesday | C89: 0.9792 | D89: No | G89: 528 | H89: =G89-(C89*G89) -> 10.9824 | I89: =H89*$H$5 -> 604.032 | J89: =G89-(G89*J$3) -> 26.4 | K89: =J89-H89 -> 15.4176
A90: 45631 | B90: Thursday | C90: 0.9602 | D90: No | G90: 528 | H90: =G90-(C90*G90) -> 21.0144 | I90: =H90*$H$5 -> 1155.792 | J90: =G90-(G90*J$3) -> 26.4 | K90: =J90-H90 -> 5.3856
A91: 45632 | B91: Friday | C91: 0.9318 | D91: No | G91: 528 | H91: =G91-(C91*G91) -> 36.0096 | I91: =H91*$H$5 -> 1980.528 | J91: =G91-(G91*J$3) -> 26.4 | K91: =J91-H91 -> -9.6096
A92: 45635 | B92: Monday | C92: 0.947 | D92: No | G92: 528 | H92: =G92-(C92*G92) -> 27.984 | I92: =H92*$H$5 -> 1539.12 | J92: =G92-(G92*J$3) -> 26.4 | K92: =J92-H92 -> -1.584
A93: 45636 | B93: Tuesday | C93: 0.9677 | D93: No | G93: 526 | H93: =G93-(C93*G93) -> 16.9898 | I93: =H93*$H$5 -> 934.439 | J93: =G93-(G93*J$3) -> 26.3 | K93: =J93-H93 -> 9.3102
A94: 45637 | B94: Wednesday | C94: 0.9411 | D94: No | G94: 526 | H94: =G94-(C94*G94) -> 30.9814 | I94: =H94*$H$5 -> 1703.977 | J94: =G94-(G94*J$3) -> 26.3 | K94: =J94-H94 -> -4.6814
A95: 45638 | B95: Thursday | C95: 0.9506 | D95: No | G95: 526 | H95: =G95-(C95*G95) -> 25.9844 | I95: =H95*$H$5 -> 1429.142 | J95: =G95-(G95*J$3) -> 26.3 | K95: =J95-H95 -> 0.3156
A96: 45639 | B96: Friday | C96: 0.9278 | D96: No | G96: 526 | H96: =G96-(C96*G96) -> 37.9772 | I96: =H96*$H$5 -> 2088.746 | J96: =G96-(G96*J$3) -> 26.3 | K96: =J96-H96 -> -11.6772
A97: 45642 | B97: Monday | C97: 0.9563 | D97: No | G97: 526 | H97: =G97-(C97*G97) -> 22.9862 | I97: =H97*$H$5 -> 1264.241 | J97: =G97-(G97*J$3) -> 26.3 | K97: =J97-H97 -> 3.3138
A98: 45643 | B98: Tuesday | C98: 0.9525 | D98: No | G98: 526 | H98: =G98-(C98*G98) -> 24.985 | I98: =H98*$H$5 -> 1374.175 | J98: =G98-(G98*J$3) -> 26.3 | K98: =J98-H98 -> 1.315
... A101: 45646 | B101: Friday | C101: 0.9225 | D101: No | G101: 529 | H101: =G101-(C101*G101) -> 40.9975 | I101: =H101*$H$5 -> 2254.8625 | J101: =G101-(G101*J$3) -> 26.45 | K101: =J101-H101 -> -14.5475
A102: 45649 | B102: Monday | H102: =G102-(C102*G102) -> 0 | I102: =H102*$H$5 -> 0 | J102: =G102-(G102*J$3) -> 0 | K102: =J102-H102 -> 0
A103: 45650 | B103: Tuesday | H103: =G103-(C103*G103) -> 0 | I103: =H103*$H$5 -> 0 | J103: =G103-(G103*J$3) -> 0 | K103: =J103-H103 -> 0
A104: 45651 | B104: Wednesday | H104: =G104-(C104*G104) -> 0 | I104: =H104*$H$5 -> 0 | J104: =G104-(G104*J$3) -> 0 | K104: =J104-H104 -> 0
A105: 45652 | B105: Thursday | H105: =G105-(C105*G105) -> 0 | I105: =H105*$H$5 -> 0 | J105: =G105-(G105*J$3) -> 0 | K105: =J105-H105 -> 0
...

Sheet KMS
K1: =SUM(K7:K215) -> 40.8976
A2: KING MIDDLE SCHOOL | H2: Estimated $ Missed Annually | J2: District Goal | K2: Campus Teams HIGHLIGHTED CELLS INDICATE # OF STUDENTS ABSENT ABOVE DISTRICT GOAL
H3: =SUM(I7:I128) -> 318273.85 | J3: 0.95
H4: Estimated $ Per Student
H5: 55
A6: Date | B6: Day of the Week | C6: Campus ADA % | D6: Is ADA Below 90%? (Yes/No) | E6: If "Yes" Give Reason | F6: Explain if "Other" | G6: Enrollment | H6: # Students Absent | I6: Estimated $ Missed | J6: DISTRICTS # ABS GOAL
A7: 45516 | B7: Monday | C7: 1 | D7: no | F7: first day count (balanced @ 6:48pm) | G7: 1213 | H7: =G7-(C7*G7) -> 0 | I7: =H7*$H$5 -> 0 | J7: 0 | K7: =J7-H7 -> 0
A8: 45517 | B8: Tuesday | C8: 0.9851 | D8: no | F8: fixed NS kids & enrolled new | G8: 1271 | H8: =G8-(C8*G8) -> 18.9379 | I8: =H8*$H$5 -> 1041.5845 | J8: =G8-(G8*J$3) -> 63.55 | K8: =J8-H8 -> 44.6121
A9: 45518 | B9: Wednesday | C9: 0.983 | D9: no | G9: 1293 | H9: =G9-(C9*G9) -> 21.981 | I9: =H9*$H$5 -> 1208.955 | J9: =G9-(G9*J$3) -> 64.65 | K9: =J9-H9 -> 42.669
A10: 45519 | B10: Thursday | C10: 0.9769 | D10: no | F10: first fire drill during 2nd prd @10:12am | G10: 1301 | H10: =G10-(C10*G10) -> 30.0531 | I10: =H10*$H$5 -> 1652.9205 | J10: =G10-(G10*J$3) -> 65.05 | K10: =J10-H10 -> 34.9969
A11: 45520 | B11: Friday | C11: 0.9565 | D11: no | F11: all grades have assembly | G11: 1310 | H11: =G11-(C11*G11) -> 56.985 | I11: =H11*$H$5 -> 3134.175 | J11: =G11-(G11*J$3) -> 65.5 | K11: =J11-H11 -> 8.515
A12: 45523 | B12: Monday | C12: 0.9697 | D12: no | G12: 1322 | H12: =G12-(C12*G12) -> 40.0566 | I12: =H12*$H$5 -> 2203.113 | J12: =G12-(G12*J$3) -> 66.1 | K12: =J12-H12 -> 26.0434
A13: 45524 | B13: Tuesday | C13: 0.9676 | D13: no | G13: 1327 | H13: =G13-(C13*G13) -> 42.9948 | I13: =H13*$H$5 -> 2364.714 | J13: =G13-(G13*J$3) -> 66.35 | K13: =J13-H13 -> 23.3552
A14: 45525 | B14: Wednesday | C14: 0.9482 | D14: no | G14: 1332 | H14: =G14-(C14*G14) -> 68.9976 | I14: =H14*$H$5 -> 3794.868 | J14: =G14-(G14*J$3) -> 66.6 | K14: =J14-H14 -> -2.3976
A15: 45526 | B15: Thursday | C15: 0.964 | D15: no | E15: Health | G15: 1335 | H15: =G15-(C15*G15) -> 48.06 | I15: =H15*$H$5 -> 2643.3 | J15: =G15-(G15*J$3) -> 66.75 | K15: =J15-H15 -> 18.69
A16: 45527 | B16: Friday | C16: 0.9454 | D16: no | E16: Health | F16: lots of kids being out sick | G16: 1338 | H16: =G16-(C16*G16) -> 73.0548 | I16: =H16*$H$5 -> 4018.014 | J16: =G16-(G16*J$3) -> 66.9 | K16: =J16-H16 -> -6.1548
A17: 45530 | B17: Monday | C17: 0.9487 | D17: no | E17: Weather | F17: bad weather | G17: 1345 | H17: =G17-(C17*G17) -> 68.9985 | I17: =H17*$H$5 -> 3794.9175 | J17: =G17-(G17*J$3) -> 67.25 | K17: =J17-H17 -> -1.7485
A18: 45531 | B18: Tuesday | C18: 0.9629 | D18: no | G18: 1348 | H18: =G18-(C18*G18) -> 50.0108 | I18: =H18*$H$5 -> 2750.594 | J18: =G18-(G18*J$3) -> 67.4 | K18: =J18-H18 -> 17.3892
A19: 45532 | B19: Wednesday | C19: 0.9644 | D19: no | F19: skyward went down 5th came back 7th | G19: 1348 | H19: =G19-(C19*G19) -> 47.9888 | I19: =H19*$H$5 -> 2639.384 | J19: =G19-(G19*J$3) -> 67.4 | K19: =J19-H19 -> 19.4112
A20: 45533 | B20: Thursday | C20: 0.957 | D20: no | F20: bad weather PM | G20: 1348 | H20: =G20-(C20*G20) -> 57.964 | I20: =H20*$H$5 -> 3188.02 | J20: =G20-(G20*J$3) -> 67.4 | K20: =J20-H20 -> 9.436
A21: 45534 | B21: Friday | C21: 0.9466 | F21: friday before a holiday | G21: 1348 | H21: =G21-(C21*G21) -> 71.9832 | I21: =H21*$H$5 -> 3959.076 | J21: =G21-(G21*J$3) -> 67.4 | K21: =J21-H21 -> -4.5832
A22: 45537 | B22: Monday | H22: =G22-(C22*G22) -> 0 | I22: =H22*$H$5 -> 0 | J22: =G22-(G22*J$3) -> 0 | K22: =J22-H22 -> 0
A23: 45538 | B23: Tuesday | C23: 0.9528 | G23: 1357 | H23: =G23-(C23*G23) -> 64.0504 | I23: =H23*$H$5 -> 3522.772 | J23: =G23-(G23*J$3) -> 67.85 | K23: =J23-H23 -> 3.7996
A24: 45539 | B24: Wednesday | C24: 0.9646 | G24: 1357 | H24: =G24-(C24*G24) -> 48.0378 | I24: =H24*$H$5 -> 2642.079 | J24: =G24-(G24*J$3) -> 67.85 | K24: =J24-H24 -> 19.8122
A25: 45540 | B25: Thursday | C25: 0.9603 | F25: heavy rain scheduled for all day/only rained PM | G25: 1359 | H25: =G25-(C25*G25) -> 53.9523 | I25: =H25*$H$5 -> 2967.3765 | J25: =G25-(G25*J$3) -> 67.95 | K25: =J25-H25 -> 13.9977
A26: 45541 | B26: Friday | C26: 0.9479 | F26: bad weather day AM | G26: 1362 | H26: =G26-(C26*G26) -> 70.9602 | I26: =H26*$H$5 -> 3902.811 | J26: =G26-(G26*J$3) -> 68.1 | K26: =J26-H26 -> -2.8602
A27: 45544 | B27: Monday | C27: 0.9655 | G27: 1361 | H27: =G27-(C27*G27) -> 46.9545 | I27: =H27*$H$5 -> 2582.4975 | J27: =G27-(G27*J$3) -> 68.05 | K27: =J27-H27 -> 21.0955
A28: 45545 | B28: Tuesday | C28: 0.9662 | G28: 1361 | H28: =G28-(C28*G28) -> 46.0018 | I28: =H28*$H$5 -> 2530.099 | J28: =G28-(G28*J$3) -> 68.05 | K28: =J28-H28 -> 22.0482
A29: 45546 | B29: Wednesday | C29: 0.9574 | F29: raininy day | G29: 1362 | H29: =G29-(C29*G29) -> 58.0212 | I29: =H29*$H$5 -> 3191.166 | J29: =G29-(G29*J$3) -> 68.1 | K29: =J29-H29 -> 10.0788
A30: 45547 | B30: Thursday | C30: 0.9633 | G30: 1363 | H30: =G30-(C30*G30) -> 50.0221 | I30: =H30*$H$5 -> 2751.2155 | J30: =G30-(G30*J$3) -> 68.15 | K30: =J30-H30 -> 18.1279
A31: 45548 | B31: Friday | C31: 0.9405 | F31: school threat | G31: 1362 | H31: =G31-(C31*G31) -> 81.039 | I31: =H31*$H$5 -> 4457.145 | J31: =G31-(G31*J$3) -> 68.1 | K31: =J31-H31 -> -12.939
A32: 45551 | B32: Monday | H32: =G32-(C32*G32) -> 0 | I32: =H32*$H$5 -> 0 | J32: =G32-(G32*J$3) -> 0 | K32: =J32-H32 -> 0
A33: 45552 | B33: Tuesday | C33: 0.9596 | G33: 1362 | H33: =G33-(C33*G33) -> 55.0248 | I33: =H33*$H$5 -> 3026.364 | J33: =G33-(G33*J$3) -> 68.1 | K33: =J33-H33 -> 13.0752
A34: 45553 | B34: Wednesday | C34: 0.9647 | G34: 1361 | H34: =G34-(C34*G34) -> 48.0433 | I34: =H34*$H$5 -> 2642.3815 | J34: =G34-(G34*J$3) -> 68.05 | K34: =J34-H34 -> 20.0067
A35: 45554 | B35: Thursday | C35: 0.9721 | F35: Reconciliation | G35: 1361 | H35: =G35-(C35*G35) -> 37.9719 | I35: =H35*$H$5 -> 2088.4545 | J35: =G35-(G35*J$3) -> 68.05 | K35: =J35-H35 -> 30.0781
A36: 45555 | B36: Friday | C36: 0.955 | D36: End of 1st 6wks | F36: schools in district getting threats | G36: 1357 | H36: =G36-(C36*G36) -> 61.065 | I36: =H36*$H$5 -> 3358.575 | J36: =G36-(G36*J$3) -> 67.85 | K36: =J36-H36 -> 6.785
A37: 45558 | B37: Monday | C37: 0.9507 | G37: 1359 | H37: =G37-(C37*G37) -> 66.9987 | I37: =H37*$H$5 -> 3684.9285 | J37: =G37-(G37*J$3) -> 67.95 | K37: =J37-H37 -> 0.9513
A38: 45559 | B38: Tuesday | C38: 0.9676 | F38: fire drill/active shooter drill/KHS ground break ceremony | G38: 1359 | H38: =G38-(C38*G38) -> 44.0316 | I38: =H38*$H$5 -> 2421.738 | J38: =G38-(G38*J$3) -> 67.95 | K38: =J38-H38 -> 23.9184
A39: 45560 | B39: Wednesday | C39: 0.9639 | F39: 6th grade Guidence Assembly | G39: 1359 | H39: =G39-(C39*G39) -> 49.0599 | I39: =H39*$H$5 -> 2698.2945 | J39: =G39-(G39*J$3) -> 67.95 | K39: =J39-H39 -> 18.8901
A40: 45561 | B40: Thursday | C40: 0.9625 | F40: 7th grade Guidence Assembly | G40: 1360 | H40: =G40-(C40*G40) -> 51 | I40: =H40*$H$5 -> 2805 | J40: =G40-(G40*J$3) -> 68 | K40: =J40-H40 -> 17
A41: 45562 | B41: Friday | C41: 0.9478 | G41: 1359 | H41: =G41-(C41*G41) -> 70.9398 | I41: =H41*$H$5 -> 3901.689 | J41: =G41-(G41*J$3) -> 67.95 | K41: =J41-H41 -> -2.9898
A42: 45565 | B42: Monday | C42: 0.953 | G42: 1361 | H42: =G42-(C42*G42) -> 63.967 | I42: =H42*$H$5 -> 3518.185 | J42: =G42-(G42*J$3) -> 68.05 | K42: =J42-H42 -> 4.083
A43: 45566 | B43: Tuesday | C43: 0.964 | F43: STEM Field Trip/some kids GT testing | G43: 1361 | H43: =G43-(C43*G43) -> 48.996 | I43: =H43*$H$5 -> 2694.78 | J43: =G43-(G43*J$3) -> 68.05 | K43: =J43-H43 -> 19.054
A44: 45567 | B44: Wednesday | C44: 0.9685 | F44: DCA Testings | G44: 1363 | H44: =G44-(C44*G44) -> 42.9345 | I44: =H44*$H$5 -> 2361.3975 | J44: =G44-(G44*J$3) -> 68.15 | K44: =J44-H44 -> 25.2155
A45: 45568 | B45: Thursday | C45: 0.964 | G45: 1363 | H45: =G45-(C45*G45) -> 49.068 | I45: =H45*$H$5 -> 2698.74 | J45: =G45-(G45*J$3) -> 68.15 | K45: =J45-H45 -> 19.082
A46: 45569 | B46: Friday | C46: 0.9406 | F46: some kids GT testing/day before holiday | G46: 1363 | H46: =G46-(C46*G46) -> 80.9622 | I46: =H46*$H$5 -> 4452.921 | J46: =G46-(G46*J$3) -> 68.15 | K46: =J46-H46 -> -12.8122
A47: 45572 | B47: Monday | H47: =G47-(C47*G47) -> 0 | I47: =H47*$H$5 -> 0 | J47: =G47-(G47*J$3) -> 0 | K47: =J47-H47 -> 0
A48: 45573 | B48: Tuesday | H48: =G48-(C48*G48) -> 0 | I48: =H48*$H$5 -> 0 | J48: =G48-(G48*J$3) -> 0 | K48: =J48-H48 -> 0
A49: 45574 | B49: Wednesday | H49: =G49-(C49*G49) -> 0 | I49: =H49*$H$5 -> 0 | J49: =G49-(G49*J$3) -> 0 | K49: =J49-H49 -> 0
A50: 45575 | B50: Thursday | H50: =G50-(C50*G50) -> 0 | I50: =H50*$H$5 -> 0 | J50: =G50-(G50*J$3) -> 0 | K50: =J50-H50 -> 0
A51: 45576 | B51: Friday | H51: =G51-(C51*G51) -> 0 | I51: =H51*$H$5 -> 0 | J51: =G51-(G51*J$3) -> 0 | K51: =J51-H51 -> 0
A52: 45579 | B52: Monday | C52: 0.942 | F52: back from break | G52: 1363 | H52: =G52-(C52*G52) -> 79.054 | I52: =H52*$H$5 -> 4347.97 | J52: =G52-(G52*J$3) -> 68.15 | K52: =J52-H52 -> -10.904
A53: 45580 | B53: Tuesday | C53: 0.9611 | F53: STEM Field Trip | G53: 1363 | H53: =G53-(C53*G53) -> 53.0207 | I53: =H53*$H$5 -> 2916.1385 | J53: =G53-(G53*J$3) -> 68.15 | K53: =J53-H53 -> 15.1293
A54: 45581 | B54: Wednesday | C54: 0.9685 | F54: power went out cam back on/8th grd testing | G54: 1364 | H54: =G54-(C54*G54) -> 42.966 | I54: =H54*$H$5 -> 2363.13 | J54: =G54-(G54*J$3) -> 68.2 | K54: =J54-H54 -> 25.234
A55: 45582 | B55: Thursday | C55: 0.9685 | G55: 1364 | H55: =G55-(C55*G55) -> 42.966 | I55: =H55*$H$5 -> 2363.13 | J55: =G55-(G55*J$3) -> 68.2 | K55: =J55-H55 -> 25.234
A56: 45583 | B56: Friday | C56: 0.9567 | F56: Activity Bell Schedule/Teach VS Stud Volleyball Game | G56: 1362 | H56: =G56-(C56*G56) -> 58.9746 | I56: =H56*$H$5 -> 3243.603 | J56: =G56-(G56*J$3) -> 68.1 | K56: =J56-H56 -> 9.1254
A57: 45586 | B57: Monday | C57: 0.9639 | G57: 1358 | H57: =G57-(C57*G57) -> 49.0238 | I57: =H57*$H$5 -> 2696.309 | J57: =G57-(G57*J$3) -> 67.9 | K57: =J57-H57 -> 18.8762
A58: 45587 | B58: Tuesday | C58: 0.9536 | F58: AVID Field Trip to Rice Univ/Internet on and off | G58: 1359 | H58: =G58-(C58*G58) -> 63.0576 | I58: =H58*$H$5 -> 3468.168 | J58: =G58-(G58*J$3) -> 67.95 | K58: =J58-H58 -> 4.8924
A59: 45588 | B59: Wednesday | C59: 0.9618 | G59: 1360 | H59: =G59-(C59*G59) -> 51.952 | I59: =H59*$H$5 -> 2857.36 | J59: =G59-(G59*J$3) -> 68 | K59: =J59-H59 -> 16.048
A60: 45589 | B60: Thursday | C60: 0.961 | G60: 1359 | H60: =G60-(C60*G60) -> 53.001 | I60: =H60*$H$5 -> 2915.055 | J60: =G60-(G60*J$3) -> 67.95 | K60: =J60-H60 -> 14.949
A61: 45590 | B61: Friday | C61: 0.9382 | E61: Other | G61: 1359 | H61: =G61-(C61*G61) -> 83.9862 | I61: =H61*$H$5 -> 4619.241 | J61: =G61-(G61*J$3) -> 67.95 | K61: =J61-H61 -> -16.0362
A62: 45593 | B62: Monday | C62: 0.95 | F62: fire drill | G62: 1361 | H62: =G62-(C62*G62) -> 68.05 | I62: =H62*$H$5 -> 3742.75 | J62: =G62-(G62*J$3) -> 68.05 | K62: =J62-H62 -> 0
A63: 45594 | B63: Tuesday | C63: 0.9669 | F63: A DAYskyward did not reflect/6th&7th Test/Superitendant Meeting/8th grd STEM Field Trip | G63: 1360 | H63: =G63-(C63*G63) -> 45.016 | I63: =H63*$H$5 -> 2475.88 | J63: =G63-(G63*J$3) -> 68 | K63: =J63-H63 -> 22.984
A64: 45595 | B64: Wednesday | C64: 0.9691 | F64: B DAY/8th grd test went to 8th prd | G64: 1358 | H64: =G64-(C64*G64) -> 41.9622 | I64: =H64*$H$5 -> 2307.921 | J64: =G64-(G64*J$3) -> 67.9 | K64: =J64-H64 -> 25.9378
A65: 45596 | B65: Thursday | C65: 0.9566 | F65: A DAY advisory/Halloween/Theater Field Trip went to 7th prd | G65: 1358 | H65: =G65-(C65*G65) -> 58.9372 | I65: =H65*$H$5 -> 3241.546 | J65: =G65-(G65*J$3) -> 67.9 | K65: =J65-H65 -> 8.9628
A66: 45597 | B66: Friday | C66: 0.9204 | E66: Other | F66: B DAY/day before break | G66: 1356 | H66: =G66-(C66*G66) -> 107.9376 | I66: =H66*$H$5 -> 5936.568 | J66: =G66-(G66*J$3) -> 67.8 | K66: =J66-H66 -> -40.1376
A67: 45600 | B67: Monday | H67: =G67-(C67*G67) -> 0 | I67: =H67*$H$5 -> 0 | J67: =G67-(G67*J$3) -> 0 | K67: =J67-H67 -> 0
A68: 45601 | B68: Tuesday | H68: =G68-(C68*G68) -> 0 | I68: =H68*$H$5 -> 0 | J68: =G68-(G68*J$3) -> 0 | K68: =J68-H68 -> 0
A69: 45602 | B69: Wednesday | C69: 0.9676 | F69: B DAY/testing/6th & 7th grd went to 8th prd/2 kids went to high school | G69: 1312 | H69: =G69-(C69*G69) -> 42.5088 | I69: =H69*$H$5 -> 2337.984 | J69: =G69-(G69*J$3) -> 65.6 | K69: =J69-H69 -> 23.0912
A70: 45603 | B70: Thursday | C70: 0.9646 | F70: A DAY 8th grd testing/went to 7th prd | G70: 1355 | H70: =G70-(C70*G70) -> 47.967 | I70: =H70*$H$5 -> 2638.185 | J70: =G70-(G70*J$3) -> 67.75 | K70: =J70-H70 -> 19.783
A71: 45604 | B71: Friday | C71: 0.9535 | D71: End of 2nd 6wks | G71: 1354 | H71: =G71-(C71*G71) -> 62.961 | I71: =H71*$H$5 -> 3462.855 | J71: =G71-(G71*J$3) -> 67.7 | K71: =J71-H71 -> 4.739
A72: 45607 | B72: Monday | C72: 0.9506 | G72: 1356 | H72: =G72-(C72*G72) -> 66.9864 | I72: =H72*$H$5 -> 3684.252 | J72: =G72-(G72*J$3) -> 67.8 | K72: =J72-H72 -> 0.8136
A73: 45608 | B73: Tuesday | C73: 0.9683 | F73: STEM FIELD TRIP | G73: 1357 | H73: =G73-(C73*G73) -> 43.0169 | I73: =H73*$H$5 -> 2365.9295 | J73: =G73-(G73*J$3) -> 67.85 | K73: =J73-H73 -> 24.8331
A74: 45609 | B74: Wednesday | C74: 0.9447 | G74: 1357 | H74: =G74-(C74*G74) -> 75.0421 | I74: =H74*$H$5 -> 4127.3155 | J74: =G74-(G74*J$3) -> 67.85 | K74: =J74-H74 -> -7.1921
A75: 45610 | B75: Thursday | C75: 0.9492 | G75: 1357 | H75: =G75-(C75*G75) -> 68.9356 | I75: =H75*$H$5 -> 3791.458 | J75: =G75-(G75*J$3) -> 67.85 | K75: =J75-H75 -> -1.0856
A76: 45611 | B76: Friday | C76: 0.9462 | G76: 1357 | H76: =G76-(C76*G76) -> 73.0066 | I76: =H76*$H$5 -> 4015.363 | J76: =G76-(G76*J$3) -> 67.85 | K76: =J76-H76 -> -5.1566
A77: 45614 | B77: Monday | C77: 0.9448 | F77: bad weather day | G77: 1358 | H77: =G77-(C77*G77) -> 74.9616 | I77: =H77*$H$5 -> 4122.888 | J77: =G77-(G77*J$3) -> 67.9 | K77: =J77-H77 -> -7.0616
A78: 45615 | B78: Tuesday | C78: 0.9587 | F78: Dance Field Trip/Superintendent Scolar Meeting FT | G78: 1356 | H78: =G78-(C78*G78) -> 56.0028 | I78: =H78*$H$5 -> 3080.154 | J78: =G78-(G78*J$3) -> 67.8 | K78: =J78-H78 -> 11.7972
A79: 45616 | B79: Wednesday | C79: 0.9521 | G79: 1356 | H79: =G79-(C79*G79) -> 64.9524 | I79: =H79*$H$5 -> 3572.382 | J79: =G79-(G79*J$3) -> 67.8 | K79: =J79-H79 -> 2.8476
A80: 45617 | B80: Thursday | C80: 0.955 | G80: 1357 | H80: =G80-(C80*G80) -> 61.065 | I80: =H80*$H$5 -> 3358.575 | J80: =G80-(G80*J$3) -> 67.85 | K80: =J80-H80 -> 6.785
A81: 45618 | B81: Friday | C81: 0.9285 | E81: Other | F81: fire drill /day before break | G81: 1357 | H81: =G81-(C81*G81) -> 97.0255 | I81: =H81*$H$5 -> 5336.4025 | J81: =G81-(G81*J$3) -> 67.85 | K81: =J81-H81 -> -29.1755
A82: 45621 | B82: Monday | H82: =G82-(C82*G82) -> 0 | I82: =H82*$H$5 -> 0 | J82: =G82-(G82*J$3) -> 0 | K82: =J82-H82 -> 0
A83: 45622 | B83: Tuesday | H83: =G83-(C83*G83) -> 0 | I83: =H83*$H$5 -> 0 | J83: =G83-(G83*J$3) -> 0 | K83: =J83-H83 -> 0
A84: 45623 | B84: Wednesday | H84: =G84-(C84*G84) -> 0 | I84: =H84*$H$5 -> 0 | J84: =G84-(G84*J$3) -> 0 | K84: =J84-H84 -> 0
A85: 45624 | B85: Thursday | H85: =G85-(C85*G85) -> 0 | I85: =H85*$H$5 -> 0 | J85: =G85-(G85*J$3) -> 0 | K85: =J85-H85 -> 0
A86: 45625 | B86: Friday | H86: =G86-(C86*G86) -> 0 | I86: =H86*$H$5 -> 0 | J86: =G86-(G86*J$3) -> 0 | K86: =J86-H86 -> 0
A87: 45628 | B87: Monday | C87: 0.952 | F87: back from break | G87: 1355 | H87: =G87-(C87*G87) -> 65.04 | I87: =H87*$H$5 -> 3577.2 | J87: =G87-(G87*J$3) -> 67.75 | K87: =J87-H87 -> 2.71
A88: 45629 | B88: Tuesday | C88: 0.958 | F88: STEM FIELD TRIP | G88: 1356 | H88: =G88-(C88*G88) -> 56.952 | I88: =H88*$H$5 -> 3132.36 | J88: =G88-(G88*J$3) -> 67.8 | K88: =J88-H88 -> 10.848
A89: 45630 | B89: Wednesday | C89: 0.9535 | F89: Spelling Bee | G89: 1356 | H89: =G89-(C89*G89) -> 63.054 | I89: =H89*$H$5 -> 3467.97 | J89: =G89-(G89*J$3) -> 67.8 | K89: =J89-H89 -> 4.746
A90: 45631 | B90: Thursday | C90: 0.9528 | G90: 1357 | H90: =G90-(C90*G90) -> 64.0504 | I90: =H90*$H$5 -> 3522.772 | J90: =G90-(G90*J$3) -> 67.85 | K90: =J90-H90 -> 3.7996
A91: 45632 | B91: Friday | C91: 0.9484 | F91: Choir FT/Band FT/Art FT/Dance FT/Theater FT/CAP FT | G91: 1357 | H91: =G91-(C91*G91) -> 70.0212 | I91: =H91*$H$5 -> 3851.166 | J91: =G91-(G91*J$3) -> 67.85 | K91: =J91-H91 -> -2.1712
A92: 45635 | B92: Monday | C92: 0.9454 | F92: ADay wit adv/ELA DCA | G92: 1356 | H92: =G92-(C92*G92) -> 74.0376 | I92: =H92*$H$5 -> 4072.068 | J92: =G92-(G92*J$3) -> 67.8 | K92: =J92-H92 -> -6.2376
A93: 45636 | B93: Tuesday | C93: 0.9462 | F93: BDay with advi/ELA DCA | G93: 1357 | H93: =G93-(C93*G93) -> 73.0066 | I93: =H93*$H$5 -> 4015.363 | J93: =G93-(G93*J$3) -> 67.85 | K93: =J93-H93 -> -5.1566
A94: 45637 | B94: Wednesday | C94: 0.944 | F94: ADay wit adv/ELA&Science DCA | G94: 1357 | H94: =G94-(C94*G94) -> 75.992 | I94: =H94*$H$5 -> 4179.56 | J94: =G94-(G94*J$3) -> 67.85 | K94: =J94-H94 -> -8.142
A95: 45638 | B95: Thursday | C95: 0.9454 | F95: BDay wit adv/ELA&Science DCA | G95: 1356 | H95: =G95-(C95*G95) -> 74.0376 | I95: =H95*$H$5 -> 4072.068 | J95: =G95-(G95*J$3) -> 67.8 | K95: =J95-H95 -> -6.2376
A96: 45639 | B96: Friday | C96: 0.9425 | F96: Reg Bell Sched/fire drill | G96: 1356 | H96: =G96-(C96*G96) -> 77.97 | I96: =H96*$H$5 -> 4288.35 | J96: =G96-(G96*J$3) -> 67.8 | K96: =J96-H96 -> -10.17
A97: 45642 | B97: Monday | C97: 0.9476 | G97: 1356 | H97: =G97-(C97*G97) -> 71.0544 | I97: =H97*$H$5 -> 3907.992 | J97: =G97-(G97*J$3) -> 67.8 | K97: =J97-H97 -> -3.2544
A98: 45643 | B98: Tuesday | C98: 0.9595 | G98: 1359 | H98: =G98-(C98*G98) -> 55.0395 | I98: =H98*$H$5 -> 3027.1725 | J98: =G98-(G98*J$3) -> 67.95 | K98: =J98-H98 -> 12.9105
A99: 45644 | B99: Wednesday | C99: 0.9536 | G99: 1358 | H99: =G99-(C99*G99) -> 63.0112 | I99: =H99*$H$5 -> 3465.616 | J99: =G99-(G99*J$3) -> 67.9 | K99: =J99-H99 -> 4.8888
A100: 45645 | B100: Thursday | C100: 0.9418 | F100: fire alarm went off during 3rd prd | G100: 1358 | H100: =G100-(C100*G100) -> 79.0356 | I100: =H100*$H$5 -> 4346.958 | J100: =G100-(G100*J$3) -> 67.9 | K100: =J100-H100 -> -11.1356
...

Sheet NMS
K1: =SUM(K7:K215) -> -1137.8906
A2: NULL MIDDLE SCHOOL | H2: Estimated $ Missed Annually | J2: District Goal | K2: Campus Teams HIGHLIGHTED CELLS INDICATE # OF STUDENTS ABSENT ABOVE DISTRICT GOAL
H3: =SUM(I7:I128) -> 306724.01 | J3: 0.95
H4: Estimated $ Per Student
H5: 55
A6: Date | B6: Day of the Week | C6: Campus ADA % | D6: Is ADA Below 90%? (Yes/No) | E6: If "Yes" Give Reason | F6: Explain if "Other" | G6: Enrollment | H6: # Students Absent | I6: Estimated $ Missed | J6: DISTRICTS # ABS GOAL
A7: 45516 | B7: Monday | C7: 1 | D7: no | F7: fire alarm went off during first day count | G7: 924 | H7: =G7-(C7*G7) -> 0 | I7: =H7*$H$5 -> 0 | J7: 0 | K7: =J7-H7 -> 0
A8: 45517 | B8: Tuesday | C8: 0.9668 | D8: no | F8: fire alarm went off during first day count | G8: 964 | H8: =G8-(C8*G8) -> 32.0048 | I8: =H8*$H$5 -> 1760.264 | J8: =G8-(G8*J$3) -> 48.2 | K8: =J8-H8 -> 16.1952
A9: 45518 | B9: Wednesday | C9: 0.9695 | D9: no | F9: fire alarm went off (false alarm) | G9: 986 | H9: =G9-(C9*G9) -> 30.073 | I9: =H9*$H$5 -> 1654.015 | J9: =G9-(G9*J$3) -> 49.3 | K9: =J9-H9 -> 19.227
A10: 45519 | B10: Thursday | C10: 0.9731 | D10: no | G10: 1002 | H10: =G10-(C10*G10) -> 26.9538 | I10: =H10*$H$5 -> 1482.459 | J10: =G10-(G10*J$3) -> 50.1 | K10: =J10-H10 -> 23.1462
A11: 45520 | B11: Friday | C11: 0.9542 | D11: no | G11: 1004 | H11: =G11-(C11*G11) -> 45.9832 | I11: =H11*$H$5 -> 2529.076 | J11: =G11-(G11*J$3) -> 50.2 | K11: =J11-H11 -> 4.2168
A12: 45523 | B12: Monday | C12: 0.9606 | D12: no | G12: 1015 | H12: =G12-(C12*G12) -> 39.991 | I12: =H12*$H$5 -> 2199.505 | J12: =G12-(G12*J$3) -> 50.75 | K12: =J12-H12 -> 10.759
A13: 45524 | B13: Tuesday | C13: 0.9619 | D13: no | G13: 1024 | H13: =G13-(C13*G13) -> 39.0144 | I13: =H13*$H$5 -> 2145.792 | J13: =G13-(G13*J$3) -> 51.2 | K13: =J13-H13 -> 12.1856
A14: 45525 | B14: Wednesday | C14: 0.964 | D14: no | G14: 1027 | H14: =G14-(C14*G14) -> 36.972 | I14: =H14*$H$5 -> 2033.46 | J14: =G14-(G14*J$3) -> 51.35 | K14: =J14-H14 -> 14.378
A15: 45526 | B15: Thursday | C15: 0.9573 | D15: no | G15: 1031 | H15: =G15-(C15*G15) -> 44.0237 | I15: =H15*$H$5 -> 2421.3035 | J15: =G15-(G15*J$3) -> 51.55 | K15: =J15-H15 -> 7.5263
A16: 45527 | B16: Friday | C16: 0.9264 | F16: late buses and alot of kids are out sick | G16: 1033 | H16: =G16-(C16*G16) -> 76.0288 | I16: =H16*$H$5 -> 4181.584 | J16: =G16-(G16*J$3) -> 51.65 | K16: =J16-H16 -> -24.3788
A17: 45530 | B17: Monday | C17: 0.9335 | F17: bad weather, alot of kids sick | G17: 1037 | H17: =G17-(C17*G17) -> 68.9605 | I17: =H17*$H$5 -> 3792.8275 | J17: =G17-(G17*J$3) -> 51.85 | K17: =J17-H17 -> -17.1105
A18: 45531 | B18: Tuesday | C18: 0.9374 | F18: kids out sick | G18: 1038 | H18: =G18-(C18*G18) -> 64.9788 | I18: =H18*$H$5 -> 3573.834 | J18: =G18-(G18*J$3) -> 51.9 | K18: =J18-H18 -> -13.0788
A19: 45532 | B19: Wednesday | C19: 0.947 | F19: skyward was down 5th period | G19: 1038 | H19: =G19-(C19*G19) -> 55.014 | I19: =H19*$H$5 -> 3025.77 | J19: =G19-(G19*J$3) -> 51.9 | K19: =J19-H19 -> -3.114
A20: 45533 | B20: Thursday | C20: 0.9558 | F20: heavy rain during 6th period | G20: 1040 | H20: =G20-(C20*G20) -> 45.968 | I20: =H20*$H$5 -> 2528.24 | J20: =G20-(G20*J$3) -> 52 | K20: =J20-H20 -> 6.032
A21: 45534 | B21: Friday | C21: 0.9327 | F21: holiday weekend | G21: 1040 | H21: =G21-(C21*G21) -> 69.992 | I21: =H21*$H$5 -> 3849.56 | J21: =G21-(G21*J$3) -> 52 | K21: =J21-H21 -> -17.992
A22: 45537 | B22: Monday | H22: =G22-(C22*G22) -> 0 | I22: =H22*$H$5 -> 0 | J22: =G22-(G22*J$3) -> 0 | K22: =J22-H22 -> 0
A23: 45538 | B23: Tuesday | C23: 0.9511 | G23: 1044 | H23: =G23-(C23*G23) -> 51.0516 | I23: =H23*$H$5 -> 2807.838 | J23: =G23-(G23*J$3) -> 52.2 | K23: =J23-H23 -> 1.1484
A24: 45539 | B24: Wednesday | C24: 0.9589 | G24: 1044 | H24: =G24-(C24*G24) -> 42.9084 | I24: =H24*$H$5 -> 2359.962 | J24: =G24-(G24*J$3) -> 52.2 | K24: =J24-H24 -> 9.2916
A25: 45540 | B25: Thursday | C25: 0.9501 | G25: 1042 | H25: =G25-(C25*G25) -> 51.9958 | I25: =H25*$H$5 -> 2859.769 | J25: =G25-(G25*J$3) -> 52.1 | K25: =J25-H25 -> 0.1042
A26: 45541 | B26: Friday | C26: 0.9452 | G26: 1040 | H26: =G26-(C26*G26) -> 56.992 | I26: =H26*$H$5 -> 3134.56 | J26: =G26-(G26*J$3) -> 52 | K26: =J26-H26 -> -4.992
A27: 45544 | B27: Monday | C27: 0.951 | G27: 1040 | H27: =G27-(C27*G27) -> 50.96 | I27: =H27*$H$5 -> 2802.8 | J27: =G27-(G27*J$3) -> 52 | K27: =J27-H27 -> 1.04
A28: 45545 | B28: Tuesday | C28: 0.9663 | G28: 1041 | H28: =G28-(C28*G28) -> 35.0817 | I28: =H28*$H$5 -> 1929.4935 | J28: =G28-(G28*J$3) -> 52.05 | K28: =J28-H28 -> 16.9683
A29: 45546 | B29: Wednesday | C29: 0.9482 | F29: Bad weather | G29: 1041 | H29: =G29-(C29*G29) -> 53.9238 | I29: =H29*$H$5 -> 2965.809 | J29: =G29-(G29*J$3) -> 52.05 | K29: =J29-H29 -> -1.8738
A30: 45547 | B30: Thursday | C30: 0.9482 | G30: 1041 | H30: =G30-(C30*G30) -> 53.9238 | I30: =H30*$H$5 -> 2965.809 | J30: =G30-(G30*J$3) -> 52.05 | K30: =J30-H30 -> -1.8738
A31: 45548 | B31: Friday | C31: 0.9394 | G31: 1041 | H31: =G31-(C31*G31) -> 63.0846 | I31: =H31*$H$5 -> 3469.653 | J31: =G31-(G31*J$3) -> 52.05 | K31: =J31-H31 -> -11.0346
A32: 45551 | B32: Monday | H32: =G32-(C32*G32) -> 0 | I32: =H32*$H$5 -> 0 | J32: =G32-(G32*J$3) -> 0 | K32: =J32-H32 -> 0
A33: 45552 | B33: Tuesday | C33: 0.9587 | G33: 1042 | H33: =G33-(C33*G33) -> 43.0346 | I33: =H33*$H$5 -> 2366.903 | J33: =G33-(G33*J$3) -> 52.1 | K33: =J33-H33 -> 9.0654
A34: 45553 | B34: Wednesday | C34: 0.9501 | G34: 1042 | H34: =G34-(C34*G34) -> 51.9958 | I34: =H34*$H$5 -> 2859.769 | J34: =G34-(G34*J$3) -> 52.1 | K34: =J34-H34 -> 0.1042
A35: 45554 | B35: Thursday | C35: 0.9415 | F35: Reconciliation/School Threat | G35: 1042 | H35: =G35-(C35*G35) -> 60.957 | I35: =H35*$H$5 -> 3352.635 | J35: =G35-(G35*J$3) -> 52.1 | K35: =J35-H35 -> -8.857
A36: 45555 | B36: Friday | C36: 0.777 | D36: YES | E36: Safety | F36: School Threat/Students getting picked up before funing period | G36: 1043 | H36: =G36-(C36*G36) -> 232.589 | I36: =H36*$H$5 -> 12792.395 | J36: =G36-(G36*J$3) -> 52.15 | K36: =J36-H36 -> -180.439
