Workbook

Sheet 2024-25 DIBELS MOY
A1: Student Name | B1: Local ID | C1: Current Campus | D1: Grade | E1: Subject | F1: Special Ed Indicator | G1: Economic Disadvantage | H1: Emergent Bilingual | I1: Ethnicity | K1: Test Lang | L1: Instructor | M1: Instructor ID | N1: 2024 STAAR | O1: STAAR Per Lev | P1: DCA#2 | Q1: DCA#2 Per Lev | R1: Delta | S1: Growth | T1: HB 1416 | U1: HB 1416 Delta | V1: Total Growth DCA#2 | W1: App | X1: Meets | Y1: Masters | Z1: CS | AA1: DCA 2 vs DCA 1 | AB1: DCA#1 | AC1: DCA#1 Per Lev | AD1: Delta | AE1: Growth | AF1: HB 1416 | AG1: HB 1616 Delta | AH1: Total Growth DCA 1 | AI1: App | AJ1: Meets | AK1: Masters | AL1: CS
A2: ADELAJA, ANNA | B2: =VLOOKUP(A2,'[1]2025 KG Students'!$C$2:$D$630,2,FALSE) -> 85060 | C2: SHELDON EARLY CHILDHOOD ACADEMY | D2: K | E2: RLA | F2: No | G2: No | I2: B | J2: N | K2: English | L2: LUMPFORD, JOYLANN | M2: =VLOOKUP(L2,'[2]2025 Teachers (1)'!$C$2:$D$807,2,FALSE) -> 18548 | P2: 0.55 | AH2: =VLOOKUP(A2,'2024-25 DIBELS BOY '!A2:AP372,42,FALSE) -> 0.46833333
A3: AGUILAR, AGUSTIN | B3: =VLOOKUP(A3,'[1]2025 KG Students'!$C$2:$D$630,2,FALSE) -> 85230 | C3: SHELDON EARLY CHILDHOOD ACADEMY | D3: K | E3: RLA | F3: No | G3: No | I3: M | J3: Y | K3: English | L3: LEZAMA, MARIA | M3: =VLOOKUP(L3,'[2]2025 Teachers (1)'!$C$2:$D$807,2,FALSE) -> 13866 | P3: 0.625 | AH3: =VLOOKUP(A3,'2024-25 DIBELS BOY '!A3:AP373,42,FALSE) -> 0.49
A4: AGUILAR, ARIANA | B4: =VLOOKUP(A4,'[1]2025 KG Students'!$C$2:$D$630,2,FALSE) -> 87397 | C4: SHELDON EARLY CHILDHOOD ACADEMY | D4: K | E4: RLA | F4: No | G4: No | I4: M | J4: Y | K4: English | L4: MCDONALD, TAVIA | M4: =VLOOKUP(L4,'[2]2025 Teachers (1)'!$C$2:$D$807,2,FALSE) -> 18050 | P4: 0.665 | AH4: =VLOOKUP(A4,'2024-25 DIBELS BOY '!A4:AP374,42,FALSE) -> 0.65
A5: ALEXANDER, RANIYAH | B5: =VLOOKUP(A5,'[1]2025 KG Students'!$C$2:$D$630,2,FALSE) -> 85215 | C5: SHELDON EARLY CHILDHOOD ACADEMY | D5: K | E5: RLA | F5: No | G5: No | I5: B | J5: N | K5: English | L5: MCDONALD, TAVIA | M5: =VLOOKUP(L5,'[2]2025 Teachers (1)'!$C$2:$D$807,2,FALSE) -> 18050 | P5: 0.61666667 | AH5: =VLOOKUP(A5,'2024-25 DIBELS BOY '!A5:AP375,42,FALSE) -> 0.555
A6: ALLEN, KAYCEN | B6: =VLOOKUP(A6,'[1]2025 KG Students'!$C$2:$D$630,2,FALSE) -> 87566 | C6: SHELDON EARLY CHILDHOOD ACADEMY | D6: K | E6: RLA | F6: No | G6: No | I6: B | J6: N | K6: English | L6: MCDONALD, TAVIA | M6: =VLOOKUP(L6,'[2]2025 Teachers (1)'!$C$2:$D$807,2,FALSE) -> 18050 | P6: 0.53333333 | AH6: =VLOOKUP(A6,'2024-25 DIBELS BOY '!A6:AP376,42,FALSE) -> 0.44
A7: ALVARADO, LUNA | B7: =VLOOKUP(A7,'[1]2025 KG Students'!$C$2:$D$630,2,FALSE) -> 85437 | C7: SHELDON EARLY CHILDHOOD ACADEMY | D7: K | E7: RLA | F7: No | G7: No | I7: M | J7: Y | K7: English | L7: GAINES, IDA | M7: =VLOOKUP(L7,'[2]2025 Teachers (1)'!$C$2:$D$807,2,FALSE) -> 15019 | P7: 0.565 | AH7: =VLOOKUP(A7,'2024-25 DIBELS BOY '!A7:AP377,42,FALSE) -> 0.44833333
A8: ANCIRA, XANTINO | B8: =VLOOKUP(A8,'[1]2025 KG Students'!$C$2:$D$630,2,FALSE) -> 88055 | C8: SHELDON EARLY CHILDHOOD ACADEMY | D8: K | E8: RLA | F8: No | G8: No | I8: M | J8: Y | K8: English | L8: JENKINS, SARAH | M8: =VLOOKUP(L8,'[2]2025 Teachers (1)'!$C$2:$D$807,2,FALSE) -> 18825 | P8: 0.60666667 | AH8: =VLOOKUP(A8,'2024-25 DIBELS BOY '!A8:AP378,42,FALSE) -> 0.51
A9: ARZU, JAHMIERE | B9: =VLOOKUP(A9,'[1]2025 KG Students'!$C$2:$D$630,2,FALSE) -> 85672 | C9: SHELDON EARLY CHILDHOOD ACADEMY | D9: K | E9: RLA | F9: No | G9: No | I9: B | J9: N | K9: English | L9: NED-WILLIAMS, JASMINE | M9: =VLOOKUP(L9,'[2]2025 Teachers (1)'!$C$2:$D$807,2,FALSE) -> 17879 | P9: 0.655 | AH9: =VLOOKUP(A9,'2024-25 DIBELS BOY '!A9:AP379,42,FALSE) -> 0.46666667
A10: ASCENCIO, FRANCISCO | B10: =VLOOKUP(A10,'[1]2025 KG Students'!$C$2:$D$630,2,FALSE) -> 85057 | C10: SHELDON EARLY CHILDHOOD ACADEMY | D10: K | E10: RLA | F10: No | G10: No | I10: M | J10: Y | K10: English | L10: CASTILLO-LOPEZ, JOANA | M10: =VLOOKUP(L10,'[2]2025 Teachers (1)'!$C$2:$D$807,2,FALSE) -> 14530 | P10: 0.60666667 | AH10: =VLOOKUP(A10,'2024-25 DIBELS BOY '!A10:AP380,42,FALSE) -> 0.47666667
A11: AVELLANEDA, DALYLAH | B11: =VLOOKUP(A11,'[1]2025 KG Students'!$C$2:$D$630,2,FALSE) -> 85476 | C11: SHELDON EARLY CHILDHOOD ACADEMY | D11: K | E11: RLA | F11: No | G11: No | I11: M | J11: Y | K11: English | L11: CATAPANO, APRIL | M11: =VLOOKUP(L11,'[2]2025 Teachers (1)'!$C$2:$D$807,2,FALSE) -> 17649 | P11: 0.63666667 | AH11: =VLOOKUP(A11,'2024-25 DIBELS BOY '!A11:AP381,42,FALSE) -> 0.54333333
A12: BAILEY, EZRA | B12: =VLOOKUP(A12,'[1]2025 KG Students'!$C$2:$D$630,2,FALSE) -> 87591 | C12: SHELDON EARLY CHILDHOOD ACADEMY | D12: K | E12: RLA | F12: No | G12: No | I12: M | J12: Y | K12: English | L12: CATAPANO, APRIL | M12: =VLOOKUP(L12,'[2]2025 Teachers (1)'!$C$2:$D$807,2,FALSE) -> 17649 | P12: 0.62333333 | AH12: =VLOOKUP(A12,'2024-25 DIBELS BOY '!A12:AP382,42,FALSE) -> 0.555
A13: BARBOSA, EMMANUEL | B13: =VLOOKUP(A13,'[1]2025 KG Students'!$C$2:$D$630,2,FALSE) -> 87458 | C13: SHELDON EARLY CHILDHOOD ACADEMY | D13: K | E13: RLA | F13: No | G13: No | I13: M | J13: Y | K13: English | L13: CATAPANO, APRIL | M13: =VLOOKUP(L13,'[2]2025 Teachers (1)'!$C$2:$D$807,2,FALSE) -> 17649 | P13: 0.62333333 | AH13: =VLOOKUP(A13,'2024-25 DIBELS BOY '!A13:AP383,42,FALSE) -> 0.41333333
... A347: TREVINO, DALEYZA | B347: =VLOOKUP(A347,'[1]2025 KG Students'!$C$2:$D$630,2,FALSE) -> 85574 | C347: STEPHANIE CRAVENS EARLY CHILDHOOD | D347: K | E347: RLA | F347: No | G347: No | I347: M | J347: Y | K347: English | L347: JOHNSON, LATOYA | M347: =VLOOKUP(L347,'[2]2025 Teachers (1)'!$C$2:$D$807,2,FALSE) -> 10374 | P347: 0.55666667 | AH347: =VLOOKUP(A347,'2024-25 DIBELS BOY '!A347:AP717,42,FALSE) -> 0.44166667
A348: UMANA, ALESSANDRA | B348: =VLOOKUP(A348,'[1]2025 KG Students'!$C$2:$D$630,2,FALSE) -> 85170 | C348: STEPHANIE CRAVENS EARLY CHILDHOOD | D348: K | E348: RLA | F348: No | G348: No | I348: M | J348: Y | K348: English | L348: CUNNINGHAM, MELISSA | M348: 18548 | P348: 0.675 | AH348: =VLOOKUP(A348,'2024-25 DIBELS BOY '!A348:AP718,42,FALSE) -> 0.55833333
A349: UMANA, CATALINA | B349: =VLOOKUP(A349,'[1]2025 KG Students'!$C$2:$D$630,2,FALSE) -> 86084 | C349: STEPHANIE CRAVENS EARLY CHILDHOOD | D349: K | E349: RLA | F349: No | G349: No | I349: M | J349: Y | K349: English | L349: CUNNINGHAM, MELISSA | M349: 13866 | P349: 0.58166667 | AH349: =VLOOKUP(A349,'2024-25 DIBELS BOY '!A349:AP719,42,FALSE) -> 0.41833333
A350: VALDEZ, EMILIO | B350: =VLOOKUP(A350,'[1]2025 KG Students'!$C$2:$D$630,2,FALSE) -> 87306 | C350: STEPHANIE CRAVENS EARLY CHILDHOOD | D350: K | E350: RLA | F350: No | G350: No | I350: M | J350: Y | K350: English | L350: DELEON, MARIA | M350: 18050 | P350: 0.65333333 | AH350: =VLOOKUP(A350,'2024-25 DIBELS BOY '!A350:AP720,42,FALSE) -> 0.445
A351: VALLES, MAYRA | B351: =VLOOKUP(A351,'[1]2025 KG Students'!$C$2:$D$630,2,FALSE) -> 88863 | C351: STEPHANIE CRAVENS EARLY CHILDHOOD | D351: K | E351: RLA | F351: No | G351: No | I351: M | J351: Y | K351: English | L351: JOHNSON, LATOYA | M351: 18050 | P351: 0.53 | AH351: =VLOOKUP(A351,'2024-25 DIBELS BOY '!A351:AP721,42,FALSE) -> #N/A
A352: VASQUEZ, CATALINA | B352: =VLOOKUP(A352,'[1]2025 KG Students'!$C$2:$D$630,2,FALSE) -> 86004 | C352: STEPHANIE CRAVENS EARLY CHILDHOOD | D352: K | E352: RLA | F352: No | G352: No | I352: M | J352: Y | K352: English | L352: CUSSEN, KATHIE | M352: 18050 | P352: 0.63333333 | AH352: =VLOOKUP(A352,'2024-25 DIBELS BOY '!A352:AP722,42,FALSE) -> 0.48666667
A353: VASQUEZ, HANNAH | B353: =VLOOKUP(A353,'[1]2025 KG Students'!$C$2:$D$630,2,FALSE) -> 85153 | C353: STEPHANIE CRAVENS EARLY CHILDHOOD | D353: K | E353: RLA | F353: No | G353: No | I353: M | J353: Y | K353: English | L353: CONNELL, KATLIN | M353: 18050 | P353: 0.64833333 | AH353: =VLOOKUP(A353,'2024-25 DIBELS BOY '!A353:AP723,42,FALSE) -> 0.55666667
A354: VELAZQUEZ, JIONNI | B354: =VLOOKUP(A354,'[1]2025 KG Students'!$C$2:$D$630,2,FALSE) -> 85162 | C354: STEPHANIE CRAVENS EARLY CHILDHOOD | D354: K | E354: RLA | F354: No | G354: No | I354: M | J354: Y | K354: English | L354: PAYNE, SAMANTHA | P354: 0.75333333 | AH354: =VLOOKUP(A354,'2024-25 DIBELS BOY '!A354:AP724,42,FALSE) -> 0.55666667
A355: WALKER, TORI | B355: =VLOOKUP(A355,'[1]2025 KG Students'!$C$2:$D$630,2,FALSE) -> 86219 | C355: STEPHANIE CRAVENS EARLY CHILDHOOD | D355: K | E355: RLA | F355: No | G355: No | I355: B | J355: N | K355: English | L355: CONNELL, KATLIN | M355: 15019 | P355: 0.635 | AH355: =VLOOKUP(A355,'2024-25 DIBELS BOY '!A355:AP725,42,FALSE) -> 0.49833333
A356: WALKER-AMORA-TRUSCOTT, NAYELI | B356: =VLOOKUP(A356,'[1]2025 KG Students'!$C$2:$D$630,2,FALSE) -> 86020 | C356: STEPHANIE CRAVENS EARLY CHILDHOOD | D356: K | E356: RLA | F356: No | G356: No | I356: M | J356: Y | K356: English | L356: CUNNINGHAM, MELISSA | M356: 18825 | P356: 0.67333333 | AH356: =VLOOKUP(A356,'2024-25 DIBELS BOY '!A356:AP726,42,FALSE) -> 0.605
A357: WEBB, CATALEYA | B357: =VLOOKUP(A357,'[1]2025 KG Students'!$C$2:$D$630,2,FALSE) -> 85702 | C357: STEPHANIE CRAVENS EARLY CHILDHOOD | D357: K | E357: RLA | F357: No | G357: No | I357: B | J357: N | K357: English | L357: FEEMSTER, AVERY | M357: 17879 | P357: 0.65833333 | AH357: =VLOOKUP(A357,'2024-25 DIBELS BOY '!A357:AP727,42,FALSE) -> 0.5
A358: WILLIAMS, CARTER | B358: =VLOOKUP(A358,'[1]2025 KG Students'!$C$2:$D$630,2,FALSE) -> 85614 | C358: STEPHANIE CRAVENS EARLY CHILDHOOD | D358: K | E358: RLA | F358: No | G358: No | I358: M | J358: Y | K358: English | L358: CUNNINGHAM, MELISSA | M358: 14530 | P358: 0.71166667 | AH358: =VLOOKUP(A358,'2024-25 DIBELS BOY '!A358:AP728,42,FALSE) -> 0.60333333
A359: WILLIAMS, GIANNIS | B359: =VLOOKUP(A359,'[1]2025 KG Students'!$C$2:$D$630,2,FALSE) -> 85576 | C359: STEPHANIE CRAVENS EARLY CHILDHOOD | D359: K | E359: RLA | F359: No | G359: No | I359: B | J359: N | K359: English | L359: GALLARDO, SAVANNAH | M359: 17649 | P359: 0.645 | AH359: =VLOOKUP(A359,'2024-25 DIBELS BOY '!A359:AP729,42,FALSE) -> 0.525
A360: WILLIAMS, KARTER | B360: =VLOOKUP(A360,'[1]2025 KG Students'!$C$2:$D$630,2,FALSE) -> 86400 | C360: STEPHANIE CRAVENS EARLY CHILDHOOD | D360: K | E360: RLA | F360: No | G360: No | I360: B | J360: N | K360: English | L360: GALLARDO, SAVANNAH | M360: 17649 | P360: 0.585 | AH360: =VLOOKUP(A360,'2024-25 DIBELS BOY '!A360:AP730,42,FALSE) -> 0.5
A361: WILLIAMS, MA'LANEI | B361: =VLOOKUP(A361,'[1]2025 KG Students'!$C$2:$D$630,2,FALSE) -> 85771 | C361: STEPHANIE CRAVENS EARLY CHILDHOOD | D361: K | E361: RLA | F361: No | G361: No | I361: B | J361: N | K361: English | L361: CUSSEN, KATHIE | M361: 17649 | P361: 0.56166667 | AH361: =VLOOKUP(A361,'2024-25 DIBELS BOY '!A361:AP731,42,FALSE) -> 0.46833333
A362: WILLIAMS, ZIYA | B362: =VLOOKUP(A362,'[1]2025 KG Students'!$C$2:$D$630,2,FALSE) -> 85523 | C362: STEPHANIE CRAVENS EARLY CHILDHOOD | D362: K | E362: RLA | F362: No | G362: No | I362: B | J362: N | K362: English | L362: GONZALEZ, CYNTHIA | M362: 18941 | P362: 0.65666667 | AH362: =VLOOKUP(A362,'2024-25 DIBELS BOY '!A362:AP732,42,FALSE) -> 0.58666667
A363: WILLIS, LAYLA | B363: =VLOOKUP(A363,'[1]2025 KG Students'!$C$2:$D$630,2,FALSE) -> 88418 | C363: STEPHANIE CRAVENS EARLY CHILDHOOD | D363: K | E363: RLA | F363: No | G363: No | I363: B | J363: N | K363: English | L363: GONZALEZ, CYNTHIA | M363: 18548 | P363: 0.56666667 | AH363: =VLOOKUP(A363,'2024-25 DIBELS BOY '!A363:AP733,42,FALSE) -> 0.43333333
A364: ZAPATA, ALBERT | B364: =VLOOKUP(A364,'[1]2025 KG Students'!$C$2:$D$630,2,FALSE) -> 88511 | C364: STEPHANIE CRAVENS EARLY CHILDHOOD | D364: K | E364: RLA | F364: No | G364: No | I364: W | J364: N | K364: English | L364: JOHNSON, LATOYA | M364: 17879 | P364: 0.53 | AH364: =VLOOKUP(A364,'2024-25 DIBELS BOY '!A364:AP734,42,FALSE) -> 0.41166667
A365: ZUNIGA, LEAH | B365: =VLOOKUP(A365,'[1]2025 KG Students'!$C$2:$D$630,2,FALSE) -> 87889 | C365: STEPHANIE CRAVENS EARLY CHILDHOOD | D365: K | E365: RLA | F365: No | G365: No | I365: M | J365: Y | K365: English | L365: CUNNINGHAM, MELISSA | M365: 13866 | P365: 0.66666667 | AH365: =VLOOKUP(A365,'2024-25 DIBELS BOY '!A365:AP735,42,FALSE) -> 0.66166667
B366: =VLOOKUP(A366,'[1]2025 KG Students'!$C$2:$D$630,2,FALSE) -> #N/A | D366: K | E366: RLA | F366: No | G366: No | I366: M | J366: Y | K366: English | P366: 0.66666667
M469: 18941
M470: 18941
M471: 18050
M472: 18050
M473: 17879
M474: 17879
M475: 15143
M476: 15143
M477: 18825
M478: 18825
M479: 15019
M480: 15019
... M940: 15553

Sheet 2024-25 DIBELS BOY 
A1: Student Name | B1: Local ID | C1: Current Campus | D1: Grade | E1: Subject | F1: Special Ed Indicator | G1: Economic Disadvantage | H1: Emergent Bilingual | I1: Ethnicity | K1: Test Lang | L1: Instructor | M1: Instructor ID | N1: 2024 STAAR | O1: STAAR Per Lev | P1: DCA#2 | Q1: DCA#2 Per Lev | R1: Delta | S1: Growth | T1: HB 1416 | U1: HB 1416 Delta | V1: Total Growth DCA#2 | W1: App | X1: Meets | Y1: Masters | Z1: CS | AA1: DCA 2 vs DCA 1 | AB1: DCA#1 | AC1: DCA#1 Per Lev | AD1: Delta | AE1: Growth | AF1: HB 1416 | AG1: HB 1616 Delta | AH1: Total Growth DCA 1 | AI1: App | AJ1: Meets | AK1: Masters | AL1: CS | AM1: Benchmark Period | AN1: Composite Level | AO1: Composite Score | AP1: % Comp
A2: ADELAJA, ANNA | C2: SHELDON EARLY CHILDHOOD ACADEMY | D2: K | E2: RLA | F2: No | G2: No | I2: Race | J2: Hispanic or Latino Ethnicity | K2: English | L2: LUMPFORD, JOYLANN | AM2: BOY | AN2: Below Benchmark | AO2: 281 | AP2: 0.46833333
A3: AGUILAR, AGUSTIN | C3: SHELDON EARLY CHILDHOOD ACADEMY | D3: K | E3: RLA | F3: No | G3: No | I3: B | J3: N | K3: English | L3: LEZAMA, MARIA | AM3: BOY | AN3: Below Benchmark | AO3: 294 | AP3: 0.49
A4: AGUILAR, ARIANA | C4: SHELDON EARLY CHILDHOOD ACADEMY | D4: K | E4: RLA | F4: No | G4: No | I4: M | J4: Y | K4: English | L4: MCDONALD, TAVIA | AM4: BOY | AN4: Above Benchmark | AO4: 390 | AP4: 0.65
A5: ALEXANDER, RANIYAH | C5: SHELDON EARLY CHILDHOOD ACADEMY | D5: K | E5: RLA | F5: No | G5: No | I5: M | J5: Y | K5: English | L5: MCDONALD, TAVIA | AM5: BOY | AN5: Above Benchmark | AO5: 333 | AP5: 0.555
A6: ALEXANDER-YOUNG, PAISLEY | C6: SHELDON EARLY CHILDHOOD ACADEMY | D6: K | E6: RLA | F6: No | G6: No | I6: B | J6: N | K6: English | AM6: BOY | AN6: Below Benchmark | AO6: 297 | AP6: 0.495
A7: ALLEN, KAYCEN | C7: SHELDON EARLY CHILDHOOD ACADEMY | D7: K | E7: RLA | F7: No | G7: No | I7: B | J7: N | K7: English | L7: MCDONALD, TAVIA | AM7: BOY | AN7: Well Below Benchmark | AO7: 264 | AP7: 0.44
A8: ALVARADO, JOSHUA | C8: SHELDON EARLY CHILDHOOD ACADEMY | D8: K | E8: RLA | F8: No | G8: No | I8: B | J8: N | K8: English | AM8: BOY | AN8: At Benchmark | AO8: 310 | AP8: 0.51666667
A9: ALVARADO, LUNA | C9: SHELDON EARLY CHILDHOOD ACADEMY | D9: K | E9: RLA | F9: No | G9: No | I9: M | J9: Y | K9: English | L9: GAINES, IDA | AM9: BOY | AN9: Well Below Benchmark | AO9: 269 | AP9: 0.44833333
A10: ANCIRA, XANTINO | C10: SHELDON EARLY CHILDHOOD ACADEMY | D10: K | E10: RLA | F10: No | G10: No | I10: M | J10: Y | K10: English | L10: JENKINS, SARAH | AM10: BOY | AN10: At Benchmark | AO10: 306 | AP10: 0.51
A11: ANGULO, PRINCETON | C11: SHELDON EARLY CHILDHOOD ACADEMY | D11: K | E11: RLA | F11: No | G11: No | I11: M | J11: Y | K11: English | L11: JENKINS, SARAH | AM11: BOY | AN11: Below Benchmark | AO11: 289 | AP11: 0.48166667
A12: ARZU, JAHMIERE | C12: SHELDON EARLY CHILDHOOD ACADEMY | D12: K | E12: RLA | F12: No | G12: No | I12: M | J12: Y | K12: English | L12: NED-WILLIAMS, JASMINE | AM12: BOY | AN12: Below Benchmark | AO12: 280 | AP12: 0.46666667
A13: ASCENCIO, FRANCISCO | C13: SHELDON EARLY CHILDHOOD ACADEMY | D13: K | E13: RLA | F13: No | G13: No | I13: B | J13: N | K13: English | L13: CASTILLO-LOPEZ, JOANA | AM13: BOY | AN13: Below Benchmark | AO13: 286 | AP13: 0.47666667
A14: AVELLANEDA, DALYLAH | C14: SHELDON EARLY CHILDHOOD ACADEMY | D14: K | E14: RLA | F14: No | G14: No | I14: M | J14: Y | K14: English | L14: CATAPANO, APRIL | AM14: BOY | AN14: At Benchmark | AO14: 326 | AP14: 0.54333333
A15: BAILEY, EZRA | C15: SHELDON EARLY CHILDHOOD ACADEMY | D15: K | E15: RLA | F15: No | G15: No | I15: M | J15: Y | K15: English | L15: CATAPANO, APRIL | AM15: BOY | AN15: Above Benchmark | AO15: 333 | AP15: 0.555
A16: BARBOSA, EMMANUEL | C16: SHELDON EARLY CHILDHOOD ACADEMY | D16: K | E16: RLA | F16: No | G16: No | I16: M | J16: Y | K16: English | L16: CATAPANO, APRIL | AM16: BOY | AN16: Well Below Benchmark | AO16: 248 | AP16: 0.41333333
A17: BARNER, KAIDEN | C17: SHELDON EARLY CHILDHOOD ACADEMY | D17: K | E17: RLA | F17: No | G17: No | I17: M | J17: Y | K17: English | L17: TOLLEY, ANALISA | AM17: BOY | AN17: Above Benchmark | AO17: 433 | AP17: 0.72166667
A18: BASS, BLAKE | C18: SHELDON EARLY CHILDHOOD ACADEMY | D18: K | E18: RLA | F18: No | G18: No | I18: B | J18: N | K18: English | L18: LUMPFORD, JOYLANN | AM18: BOY | AN18: At Benchmark | AO18: 330 | AP18: 0.55
A19: BELEN, SOPHIA MAY | C19: SHELDON EARLY CHILDHOOD ACADEMY | D19: K | E19: RLA | F19: No | G19: No | I19: B | J19: N | K19: English | L19: CATAPANO, APRIL | AM19: BOY | AN19: Above Benchmark | AO19: 514 | AP19: 0.85666667
A20: BELLMORE, YULIANA | C20: SHELDON EARLY CHILDHOOD ACADEMY | D20: K | E20: RLA | F20: No | G20: No | I20: AS | J20: N | K20: English | L20: NED-WILLIAMS, JASMINE | AM20: BOY | AN20: Below Benchmark | AO20: 293 | AP20: 0.48833333
... A81: HILL, JEREMIAH | C81: SHELDON EARLY CHILDHOOD ACADEMY | D81: K | E81: RLA | F81: No | G81: No | I81: B | J81: N | K81: English | L81: ALLEN, NICKIE | AM81: BOY | AN81: Well Below Benchmark | AO81: 243 | AP81: 0.405
A82: HILL, QUEEN | C82: SHELDON EARLY CHILDHOOD ACADEMY | D82: K | E82: RLA | F82: No | G82: No | I82: M | J82: Y | K82: English | AM82: BOY | AN82: Well Below Benchmark | AO82: 254 | AP82: 0.42333333
A83: HINES, AMIER | C83: SHELDON EARLY CHILDHOOD ACADEMY | D83: K | E83: RLA | F83: No | G83: No | I83: M | J83: Y | K83: English | L83: NED-WILLIAMS, JASMINE | AM83: BOY | AN83: Above Benchmark | AO83: 387 | AP83: 0.645
A84: HUBBARD, SEBASTIAN | C84: SHELDON EARLY CHILDHOOD ACADEMY | D84: K | E84: RLA | F84: No | G84: No | I84: B | J84: N | K84: English | L84: JENKINS, SARAH | AM84: BOY | AN84: Above Benchmark | AO84: 339 | AP84: 0.565
A85: HYACINTH, DARIUS | C85: SHELDON EARLY CHILDHOOD ACADEMY | D85: K | E85: RLA | F85: No | G85: No | I85: B | J85: N | K85: English | L85: GAINES, IDA | AM85: BOY | AN85: At Benchmark | AO85: 313 | AP85: 0.52166667
A86: HYACINTH, NYA | C86: SHELDON EARLY CHILDHOOD ACADEMY | D86: K | E86: RLA | F86: No | G86: No | I86: B | J86: N | K86: English | L86: LEZAMA, MARIA | AM86: BOY | AN86: Well Below Benchmark | AO86: 262 | AP86: 0.43666667
A87: IVY, ZAYN | C87: SHELDON EARLY CHILDHOOD ACADEMY | D87: K | E87: RLA | F87: No | G87: No | I87: B | J87: N | K87: English | L87: GAINES, IDA | AM87: BOY | AN87: Above Benchmark | AO87: 418 | AP87: 0.69666667
A88: JACKSON, ALLISON | C88: SHELDON EARLY CHILDHOOD ACADEMY | D88: K | E88: RLA | F88: No | G88: No | I88: M | J88: Y | K88: English | L88: CATAPANO, APRIL | AM88: BOY | AN88: Well Below Benchmark | AO88: 270 | AP88: 0.45
A89: JAQUEZ, YARETZI | C89: SHELDON EARLY CHILDHOOD ACADEMY | D89: K | E89: RLA | F89: No | G89: No | I89: W | J89: N | K89: English | L89: WILLIAMS, JUNE | AM89: BOY | AN89: At Benchmark | AO89: 327 | AP89: 0.545
A90: JOHNSON, JEANA | C90: SHELDON EARLY CHILDHOOD ACADEMY | D90: K | E90: RLA | F90: No | G90: No | I90: W | J90: N | K90: English | L90: CASTILLO-LOPEZ, JOANA | AM90: BOY | AN90: Above Benchmark | AO90: 346 | AP90: 0.57666667
A91: JOHNSON, KAYSON | C91: SHELDON EARLY CHILDHOOD ACADEMY | D91: K | E91: RLA | F91: No | G91: No | I91: B | J91: N | K91: English | L91: HERRERA, STEPHANIE | AM91: BOY | AN91: Below Benchmark | AO91: 302 | AP91: 0.50333333
A92: JONES, DREAM | C92: SHELDON EARLY CHILDHOOD ACADEMY | D92: K | E92: RLA | F92: No | G92: No | I92: M | J92: Y | K92: English | L92: TOLLEY, ANALISA | AM92: BOY | AN92: At Benchmark | AO92: 308 | AP92: 0.51333333
A93: JUAREZ, MARLEEN | C93: SHELDON EARLY CHILDHOOD ACADEMY | D93: K | E93: RLA | F93: No | G93: No | I93: B | J93: N | K93: English | L93: NED-WILLIAMS, JASMINE | AM93: BOY | AN93: At Benchmark | AO93: 327 | AP93: 0.545
A94: KALIK, DAMIEN | C94: SHELDON EARLY CHILDHOOD ACADEMY | D94: K | E94: RLA | F94: No | G94: No | I94: M | J94: Y | K94: English | L94: LEZAMA, MARIA | AM94: BOY | AN94: Above Benchmark | AO94: 402 | AP94: 0.67
... A132: PARRISH, JAX | C132: SHELDON EARLY CHILDHOOD ACADEMY | D132: K | E132: RLA | F132: No | G132: No | I132: M | J132: Y | K132: English | L132: LUMPFORD, JOYLANN | AM132: BOY | AN132: Well Below Benchmark | AO132: 275 | AP132: 0.45833333
A133: PEARSON, DAVID | C133: SHELDON EARLY CHILDHOOD ACADEMY | D133: K | E133: RLA | F133: No | G133: No | I133: W | J133: N | K133: English | AM133: BOY | AN133: Well Below Benchmark | AO133: 247 | AP133: 0.41166667
A134: PEREZ, ISAAC | C134: SHELDON EARLY CHILDHOOD ACADEMY | D134: K | E134: RLA | F134: No | G134: No | I134: B | J134: N | K134: English | L134: TOLLEY, ANALISA | AM134: BOY | AN134: Well Below Benchmark | AO134: 272 | AP134: 0.45333333
A135: PEREZ, ULISES | C135: SHELDON EARLY CHILDHOOD ACADEMY | D135: K | E135: RLA | F135: No | G135: No | I135: M | J135: Y | K135: English | L135: MCDONALD, TAVIA | AM135: BOY | AN135: Below Benchmark | AO135: 303 | AP135: 0.505
A136: PEREZ CELIO, AARON | C136: SHELDON EARLY CHILDHOOD ACADEMY | D136: K | E136: RLA | F136: No | G136: No | I136: M | J136: Y | K136: English | L136: NED-WILLIAMS, JASMINE | AM136: BOY | AN136: Well Below Benchmark | AO136: 256 | AP136: 0.42666667
A137: PERKINS, JOURNEE | C137: SHELDON EARLY CHILDHOOD ACADEMY | D137: K | E137: RLA | F137: No | G137: No | I137: M | J137: Y | K137: English | L137: HERRERA, STEPHANIE | AM137: BOY | AN137: At Benchmark | AO137: 326 | AP137: 0.54333333
A138: PETTY, VERNON | C138: SHELDON EARLY CHILDHOOD ACADEMY | D138: K | E138: RLA | F138: No | G138: No | I138: B | J138: N | K138: English | L138: JENKINS, SARAH | AM138: BOY | AN138: Below Benchmark | AO138: 299 | AP138: 0.49833333
A139: PHILIP, JACKSON | C139: SHELDON EARLY CHILDHOOD ACADEMY | D139: K | E139: RLA | F139: No | G139: No | I139: B | J139: N | K139: English | L139: GAINES, IDA | AM139: BOY | AN139: Above Benchmark | AO139: 356 | AP139: 0.59333333
A140: PIKES, ZION | C140: SHELDON EARLY CHILDHOOD ACADEMY | D140: K | E140: RLA | F140: No | G140: No | I140: W | J140: N | K140: English | L140: NED-WILLIAMS, JASMINE | AM140: BOY | AN140: Below Benchmark | AO140: 299 | AP140: 0.49833333
A141: PRIETO, DELILAH | C141: SHELDON EARLY CHILDHOOD ACADEMY | D141: K | E141: RLA | F141: No | G141: No | I141: B | J141: N | K141: English | L141: TOLLEY, ANALISA | AM141: BOY | AN141: Below Benchmark | AO141: 298 | AP141: 0.49666667
A142: PULIDO, MALACHI | C142: SHELDON EARLY CHILDHOOD ACADEMY | D142: K | E142: RLA | F142: No | G142: No | I142: M | J142: Y | K142: English | L142: JENKINS, SARAH | AM142: BOY | AN142: Well Below Benchmark | AO142: 258 | AP142: 0.43
A143: PULIDO DE LA TORRE, YARENI | C143: SHELDON EARLY CHILDHOOD ACADEMY | D143: K | E143: RLA | F143: No | G143: No | I143: M | J143: Y | K143: English | L143: JENKINS, SARAH | AM143: BOY | AN143: Well Below Benchmark | AO143: 251 | AP143: 0.41833333
A144: PULUC, ALEXANDER | C144: SHELDON EARLY CHILDHOOD ACADEMY | D144: K | E144: RLA | F144: No | G144: No | I144: M | J144: Y | K144: English | L144: LEZAMA, MARIA | AM144: BOY | AN144: Above Benchmark | AO144: 384 | AP144: 0.64
A145: REYES, DANIELLE | C145: SHELDON EARLY CHILDHOOD ACADEMY | D145: K | E145: RLA | F145: No | G145: No | I145: M | J145: Y | K145: English | L145: CASTILLO-LOPEZ, JOANA | AM145: BOY | AN145: Well Below Benchmark | AO145: 260 | AP145: 0.43333333
... A153: RODRIGUEZ, JULIANNA | C153: SHELDON EARLY CHILDHOOD ACADEMY | D153: K | E153: RLA | F153: No | G153: No | I153: M | J153: Y | K153: English | L153: JENKINS, SARAH | AM153: BOY | AN153: Well Below Benchmark | AO153: 253 | AP153: 0.42166667
A154: RODRIGUEZ ESPINOZA, ALAN | C154: SHELDON EARLY CHILDHOOD ACADEMY | D154: K | E154: RLA | F154: No | G154: No | I154: M | J154: Y | K154: English | AM154: BOY | AN154: Well Below Benchmark | AO154: 272 | AP154: 0.45333333
A155: RODRIGUEZ HUSTON, LUCIA | C155: SHELDON EARLY CHILDHOOD ACADEMY | D155: K | E155: RLA | F155: No | G155: No | I155: M | J155: Y | K155: English | L155: CATAPANO, APRIL | AM155: BOY | AN155: Below Benchmark | AO155: 298 | AP155: 0.49666667
A156: ROSALES, RYAN | C156: SHELDON EARLY CHILDHOOD ACADEMY | D156: K | E156: RLA | F156: No | G156: No | I156: M | J156: Y | K156: English | L156: CATAPANO, APRIL | AM156: BOY | AN156: At Benchmark | AO156: 320 | AP156: 0.53333333
A157: ROSE, RYAN | C157: SHELDON EARLY CHILDHOOD ACADEMY | D157: K | E157: RLA | F157: No | G157: No | I157: M | J157: Y | K157: English | L157: CASTILLO-LOPEZ, JOANA | AM157: BOY | AN157: Below Benchmark | AO157: 298 | AP157: 0.49666667
A158: ROSS, RASHAD | C158: SHELDON EARLY CHILDHOOD ACADEMY | D158: K | E158: RLA | F158: No | G158: No | I158: M | J158: Y | K158: English | L158: HERRERA, STEPHANIE | AM158: BOY | AN158: At Benchmark | AO158: 326 | AP158: 0.54333333
A159: RUBIN, ALEXANDER | C159: SHELDON EARLY CHILDHOOD ACADEMY | D159: K | E159: RLA | F159: No | G159: No | I159: M | J159: Y | K159: English | L159: TOLLEY, ANALISA | AM159: BOY | AN159: Below Benchmark | AO159: 292 | AP159: 0.48666667
A160: RUIZ, ANA | C160: SHELDON EARLY CHILDHOOD ACADEMY | D160: K | E160: RLA | F160: No | G160: No | I160: M | J160: N | K160: English | L160: TOLLEY, ANALISA | AM160: BOY | AN160: Below Benchmark | AO160: 301 | AP160: 0.50166667
A161: SALAS, EZEQUIEL | C161: SHELDON EARLY CHILDHOOD ACADEMY | D161: K | E161: RLA | F161: No | G161: No | I161: M | J161: Y | K161: English | L161: WILLIAMS, JUNE | AM161: BOY | AN161: Above Benchmark | AO161: 372 | AP161: 0.62
A162: SALINAS, SEBASTIAN | C162: SHELDON EARLY CHILDHOOD ACADEMY | D162: K | E162: RLA | F162: No | G162: No | I162: M | J162: Y | K162: English | L162: GAINES, IDA | AM162: BOY | AN162: Well Below Benchmark | AO162: 243 | AP162: 0.405
A163: SAMANIEGO, SERGIO | C163: SHELDON EARLY CHILDHOOD ACADEMY | D163: K | E163: RLA | F163: No | G163: No | I163: M | J163: Y | K163: English | L163: CATAPANO, APRIL | AM163: BOY | AN163: Well Below Benchmark | AO163: 258 | AP163: 0.43
A164: SANCHEZ, JAVIER | C164: SHELDON EARLY CHILDHOOD ACADEMY | D164: K | E164: RLA | F164: No | G164: No | I164: M | J164: Y | K164: English | L164: HUNTER-BOLDEN, ASHLEY | AM164: BOY | AN164: Well Below Benchmark | AO164: 243 | AP164: 0.405
A165: SANCHEZ, JORGE | C165: SHELDON EARLY CHILDHOOD ACADEMY | D165: K | E165: RLA | F165: No | G165: No | I165: M | J165: Y | K165: English | L165: CATAPANO, APRIL | AM165: BOY | AN165: Above Benchmark | AO165: 348 | AP165: 0.58
A166: SEWELL, PAISLEY | C166: SHELDON EARLY CHILDHOOD ACADEMY | D166: K | E166: RLA | F166: No | G166: No | I166: B | J166: N | K166: English | L166: JENKINS, SARAH | AM166: BOY | AN166: At Benchmark | AO166: 312 | AP166: 0.52
... A239: DAVIS, AIDEN | C239: STEPHANIE CRAVENS EARLY CHILDHOOD | D239: K | E239: RLA | F239: No | G239: No | I239: M | J239: Y | K239: English | L239: CUSSEN, KATHIE | AM239: BOY | AN239: Well Below Benchmark | AO239: 247 | AP239: 0.41166667
A240: DONNELL, TY-ANTHONY | C240: STEPHANIE CRAVENS EARLY CHILDHOOD | D240: K | E240: RLA | F240: No | G240: No | I240: M | J240: Y | K240: English | AM240: BOY | AN240: Well Below Benchmark | AO240: 268 | AP240: 0.44666667
A241: DOSIA, D'AARIAN | C241: STEPHANIE CRAVENS EARLY CHILDHOOD | D241: K | E241: RLA | F241: No | G241: No | I241: M | J241: N | K241: English | AM241: BOY | AN241: Above Benchmark | AO241: 431 | AP241: 0.71833333
A242: DRUMGOOLE, ZURI | C242: STEPHANIE CRAVENS EARLY CHILDHOOD | D242: K | E242: RLA | F242: No | G242: No | I242: B | J242: N | K242: English | L242: CUSSEN, KATHIE | AM242: BOY | AN242: Above Benchmark | AO242: 350 | AP242: 0.58333333
A243: DUARTE, KINGSTON | C243: STEPHANIE CRAVENS EARLY CHILDHOOD | D243: K | E243: RLA | F243: No | G243: No | I243: B | J243: N | K243: English | L243: GOMEZ, STEPHANIE | AM243: BOY | AN243: Above Benchmark | AO243: 385 | AP243: 0.64166667
A244: ELIZONDO, ELIZABETH | C244: STEPHANIE CRAVENS EARLY CHILDHOOD | D244: K | E244: RLA | F244: No | G244: No | I244: B | J244: N | K244: English | L244: CONNELL, KATLIN | AM244: BOY | AN244: Well Below Benchmark | AO244: 258 | AP244: 0.43
A245: ESTRADA, LIONEL | C245: STEPHANIE CRAVENS EARLY CHILDHOOD | D245: K | E245: RLA | F245: No | G245: No | I245: M | J245: Y | K245: English | L245: CUNNINGHAM, MELISSA | AM245: BOY | AN245: Above Benchmark | AO245: 348 | AP245: 0.58
A246: EVANS, JERMIYAH | C246: STEPHANIE CRAVENS EARLY CHILDHOOD | D246: K | E246: RLA | F246: No | G246: No | I246: M | J246: Y | K246: English | L246: GALLARDO, SAVANNAH | AM246: BOY | AN246: Well Below Benchmark | AO246: 249 | AP246: 0.415
A247: EVANS, SANIYAH | C247: STEPHANIE CRAVENS EARLY CHILDHOOD | D247: K | E247: RLA | F247: No | G247: No | I247: B | J247: N | K247: English | L247: CUSSEN, KATHIE | AM247: BOY | AN247: Well Below Benchmark | AO247: 248 | AP247: 0.41333333
A248: FOWLER, PRINCESS | C248: STEPHANIE CRAVENS EARLY CHILDHOOD | D248: K | E248: RLA | F248: No | G248: No | I248: B | J248: N | K248: English | L248: GONZALEZ, CYNTHIA | AM248: BOY | AN248: Above Benchmark | AO248: 333 | AP248: 0.555
A249: FUENTES, EMILIA | C249: STEPHANIE CRAVENS EARLY CHILDHOOD | D249: K | E249: RLA | F249: No | G249: No | I249: B | J249: N | K249: English | L249: FEEMSTER, AVERY | AM249: BOY | AN249: Well Below Benchmark | AO249: 259 | AP249: 0.43166667
A250: GARCIA, MILENE | C250: STEPHANIE CRAVENS EARLY CHILDHOOD | D250: K | E250: RLA | F250: No | G250: No | I250: M | J250: Y | K250: English | L250: GALLARDO, SAVANNAH | AM250: BOY | AN250: At Benchmark | AO250: 330 | AP250: 0.55
A251: GARZA, JOZIAH | C251: STEPHANIE CRAVENS EARLY CHILDHOOD | D251: K | E251: RLA | F251: No | G251: No | I251: M | J251: Y | K251: English | L251: CUSSEN, KATHIE | AM251: BOY | AN251: Well Below Benchmark | AO251: 247 | AP251: 0.41166667
A252: GEARS, NATALIE | C252: STEPHANIE CRAVENS EARLY CHILDHOOD | D252: K | E252: RLA | F252: No | G252: No | I252: M | J252: Y | K252: English | L252: GONZALEZ, CYNTHIA | AM252: BOY | AN252: At Benchmark | AO252: 328 | AP252: 0.54666667
A253: GLOVER, DELILAH | C253: STEPHANIE CRAVENS EARLY CHILDHOOD | D253: K | E253: RLA | F253: No | G253: No | I253: M | J253: Y | K253: English | L253: GONZALEZ, CYNTHIA | AM253: BOY | AN253: At Benchmark | AO253: 324 | AP253: 0.54
... A264: HARTFIELD, JAYDAN | C264: STEPHANIE CRAVENS EARLY CHILDHOOD | D264: K | E264: RLA | F264: No | G264: No | I264: M | J264: Y | K264: English | L264: DELEON, MARIA | AM264: BOY | AN264: Below Benchmark | AO264: 296 | AP264: 0.49333333
A265: HAYWOOD, ALAYAH | C265: STEPHANIE CRAVENS EARLY CHILDHOOD | D265: K | E265: RLA | F265: No | G265: No | I265: B | J265: N | K265: English | AM265: BOY | AN265: Below Benchmark | AO265: 299 | AP265: 0.49833333
A266: HENDERSON, ARMARIANNA | C266: STEPHANIE CRAVENS EARLY CHILDHOOD | D266: K | E266: RLA | F266: No | G266: No | I266: B | J266: N | K266: English | L266: DELEON, MARIA | AM266: BOY | AN266: Above Benchmark | AO266: 341 | AP266: 0.56833333
A267: HERNANDEZ, DEMI | C267: STEPHANIE CRAVENS EARLY CHILDHOOD | D267: K | E267: RLA | F267: No | G267: No | I267: B | J267: N | K267: English | L267: DELEON, MARIA | AM267: BOY | AN267: Above Benchmark | AO267: 340 | AP267: 0.56666667
A268: HERNANDEZ, JAYLA | C268: STEPHANIE CRAVENS EARLY CHILDHOOD | D268: K | E268: RLA | F268: No | G268: No | I268: M | J268: Y | K268: English | L268: JOHNSON, LATOYA | AM268: BOY | AN268: Well Below Benchmark | AO268: 272 | AP268: 0.45333333
A269: HIGHTOWER, GIANA | C269: STEPHANIE CRAVENS EARLY CHILDHOOD | D269: K | E269: RLA | F269: No | G269: No | I269: M | J269: Y | K269: English | L269: PAYNE, SAMANTHA | AM269: BOY | AN269: Above Benchmark | AO269: 382 | AP269: 0.63666667
A270: HOWARD-ARRIOLA, ZARIYA | C270: STEPHANIE CRAVENS EARLY CHILDHOOD | D270: K | E270: RLA | F270: No | G270: No | I270: B | J270: N | K270: English | L270: FEEMSTER, AVERY | AM270: BOY | AN270: Well Below Benchmark | AO270: 250 | AP270: 0.41666667
A271: HUDSON, NALANI | C271: STEPHANIE CRAVENS EARLY CHILDHOOD | D271: K | E271: RLA | F271: No | G271: No | I271: B | J271: N | K271: English | AM271: BOY | AN271: Above Benchmark | AO271: 355 | AP271: 0.59166667
A272: HURD, ALIJAH | C272: STEPHANIE CRAVENS EARLY CHILDHOOD | D272: K | E272: RLA | F272: No | G272: No | I272: B | J272: N | K272: English | L272: GOMEZ, STEPHANIE | AM272: BOY | AN272: Well Below Benchmark | AO272: 254 | AP272: 0.42333333
A273: JEFFERSON, NIVRE | C273: STEPHANIE CRAVENS EARLY CHILDHOOD | D273: K | E273: RLA | F273: No | G273: No | I273: M | J273: Y | K273: English | L273: NAJERA, GRACIELA | AM273: BOY | AN273: Above Benchmark | AO273: 536 | AP273: 0.89333333
A274: JOHNSON, ELIJAH | C274: STEPHANIE CRAVENS EARLY CHILDHOOD | D274: K | E274: RLA | F274: No | G274: No | I274: B | J274: N | K274: English | L274: CUSSEN, KATHIE | AM274: BOY | AN274: Well Below Benchmark | AO274: 256 | AP274: 0.42666667
A275: JONES, JAYLA | C275: STEPHANIE CRAVENS EARLY CHILDHOOD | D275: K | E275: RLA | F275: No | G275: No | I275: B | J275: N | K275: English | L275: GOMEZ, STEPHANIE | AM275: BOY | AN275: At Benchmark | AO275: 325 | AP275: 0.54166667
A276: JONES, KINGSTON | C276: STEPHANIE CRAVENS EARLY CHILDHOOD | D276: K | E276: RLA | F276: No | G276: No | I276: B | J276: N | K276: English | AM276: BOY | AN276: Well Below Benchmark | AO276: 252 | AP276: 0.42
A277: JONES, RICH | C277: STEPHANIE CRAVENS EARLY CHILDHOOD | D277: K | E277: RLA | F277: No | G277: No | I277: B | J277: N | K277: English | L277: JOHNSON, LATOYA | AM277: BOY | AN277: Well Below Benchmark | AO277: 271 | AP277: 0.45166667
A278: JUAREZ-PENA, JOSE | C278: STEPHANIE CRAVENS EARLY CHILDHOOD | D278: K | E278: RLA | F278: No | G278: No | I278: B | J278: N | K278: English | L278: FEEMSTER, AVERY | AM278: BOY | AN278: Above Benchmark | AO278: 337 | AP278: 0.56166667
A279: LAFLEUR, MAKAYLAH | C279: STEPHANIE CRAVENS EARLY CHILDHOOD | D279: K | E279: RLA | F279: No | G279: No | I279: M | J279: Y | K279: English | L279: GALLARDO, SAVANNAH | AM279: BOY | AN279: Below Benchmark | AO279: 281 | AP279: 0.46833333
A280: LANDA, JOSE | C280: STEPHANIE CRAVENS EARLY CHILDHOOD | D280: K | E280: RLA | F280: No | G280: No | I280: B | J280: N | K280: English | L280: JOHNSON, LATOYA | AM280: BOY | AN280: Below Benchmark | AO280: 282 | AP280: 0.47
A281: LASH, JAKE | C281: STEPHANIE CRAVENS EARLY CHILDHOOD | D281: K | E281: RLA | F281: No | G281: No | I281: M | J281: Y | K281: English | L281: GOMEZ, STEPHANIE | AM281: BOY | AN281: Above Benchmark | AO281: 361 | AP281: 0.60166667
A282: LEWIS, NAIJAH | C282: STEPHANIE CRAVENS EARLY CHILDHOOD | D282: K | E282: RLA | F282: No | G282: No | I282: W | J282: N | K282: English | L282: GALLARDO, SAVANNAH | AM282: BOY | AN282: Below Benchmark | AO282: 290 | AP282: 0.48333333
A283: LOPEZ, DAVID | C283: STEPHANIE CRAVENS EARLY CHILDHOOD | D283: K | E283: RLA | F283: No | G283: No | I283: B | J283: N | K283: English | L283: CONNELL, KATLIN | AM283: BOY | AN283: Well Below Benchmark | AO283: 278 | AP283: 0.46333333
A284: LORING, KAISLEY | C284: STEPHANIE CRAVENS EARLY CHILDHOOD | D284: K | E284: RLA | F284: No | G284: No | I284: M | J284: Y | K284: English | L284: GOMEZ, STEPHANIE | AM284: BOY | AN284: At Benchmark | AO284: 315 | AP284: 0.525
A285: LUJANO, ITZEL | C285: STEPHANIE CRAVENS EARLY CHILDHOOD | D285: K | E285: RLA | F285: No | G285: No | I285: B | J285: N | K285: English | L285: PAYNE, SAMANTHA | AM285: BOY | AN285: Well Below Benchmark | AO285: 262 | AP285: 0.43666667
A286: LUMPKIN, KAMARI | C286: STEPHANIE CRAVENS EARLY CHILDHOOD | D286: K | E286: RLA | F286: No | G286: No | I286: M | J286: Y | K286: English | L286: JOHNSON, LATOYA | AM286: BOY | AN286: Well Below Benchmark | AO286: 261 | AP286: 0.435
...

Sheet 2024-25 DIBELS BOY and EOY
A1: Student Name | B1: Local ID | C1: Current Campus | D1: Grade | E1: Subject | F1: Special Ed Indicator | G1: Economic Disadvantage | H1: Emergent Bilingual | I1: Ethnicity | K1: Test Lang | L1: Instructor | M1: Instructor ID | N1: 2024 STAAR | O1: STAAR Per Lev | P1: DCA#2 | Q1: DCA#2 Per Lev | R1: Delta | S1: Growth | T1: HB 1416 | U1: HB 1416 Delta | V1: Total Growth DCA#2 | W1: App | X1: Meets | Y1: Masters | Z1: CS | AA1: DCA 2 vs DCA 1 | AB1: DCA#1 | AC1: DCA#1 Per Lev | AD1: Delta | AE1: Growth | AF1: HB 1416 | AG1: HB 1616 Delta | AH1: Total Growth DCA 1 | AI1: App | AJ1: Meets | AK1: Masters | AL1: CS | AM1: Benchmark Period | AN1: Composite Level | AO1: Composite Score | AP1: % Comp
A2: ADELAJA, ANNA | C2: SHELDON EARLY CHILDHOOD ACADEMY | D2: K | E2: RLA | F2: No | G2: No | I2: Race | J2: Hispanic or Latino Ethnicity | K2: English | L2: LUMPFORD, JOYLANN | AM2: BOY | AN2: Below Benchmark | AO2: 281 | AP2: 0.46833333
A3: ADELAJA, ANNA | C3: SHELDON EARLY CHILDHOOD ACADEMY | D3: K | E3: RLA | F3: No | G3: No | I3: B | J3: N | K3: English | L3: LUMPFORD, JOYLANN | AM3: MOY | AN3: Well Below Benchmark | AO3: 330 | AP3: 0.55
A4: AGUILAR, AGUSTIN | C4: SHELDON EARLY CHILDHOOD ACADEMY | D4: K | E4: RLA | F4: No | G4: No | I4: B | J4: N | K4: English | L4: LEZAMA, MARIA | AM4: BOY | AN4: Below Benchmark | AO4: 294 | AP4: 0.49
A5: AGUILAR, AGUSTIN | C5: SHELDON EARLY CHILDHOOD ACADEMY | D5: K | E5: RLA | F5: No | G5: No | I5: M | J5: Y | K5: English | L5: LEZAMA, MARIA | AM5: MOY | AN5: At Benchmark | AO5: 375 | AP5: 0.625
A6: AGUILAR, ARIANA | C6: SHELDON EARLY CHILDHOOD ACADEMY | D6: K | E6: RLA | F6: No | G6: No | I6: M | J6: Y | K6: English | L6: MCDONALD, TAVIA | AM6: BOY | AN6: Above Benchmark | AO6: 390 | AP6: 0.65
A7: AGUILAR, ARIANA | C7: SHELDON EARLY CHILDHOOD ACADEMY | D7: K | E7: RLA | F7: No | G7: No | I7: M | J7: Y | K7: English | L7: MCDONALD, TAVIA | AM7: MOY | AN7: Above Benchmark | AO7: 399 | AP7: 0.665
A8: ALEXANDER, RANIYAH | C8: SHELDON EARLY CHILDHOOD ACADEMY | D8: K | E8: RLA | F8: No | G8: No | I8: M | J8: Y | K8: English | L8: MCDONALD, TAVIA | AM8: BOY | AN8: Above Benchmark | AO8: 333 | AP8: 0.555
A9: ALEXANDER, RANIYAH | C9: SHELDON EARLY CHILDHOOD ACADEMY | D9: K | E9: RLA | F9: No | G9: No | I9: B | J9: N | K9: English | L9: MCDONALD, TAVIA | AM9: MOY | AN9: Below Benchmark | AO9: 370 | AP9: 0.61666667
A10: ALEXANDER-YOUNG, PAISLEY | C10: SHELDON EARLY CHILDHOOD ACADEMY | D10: K | E10: RLA | F10: No | G10: No | I10: B | J10: N | K10: English | AM10: BOY | AN10: Below Benchmark | AO10: 297 | AP10: 0.495
A11: ALLEN, KAYCEN | C11: SHELDON EARLY CHILDHOOD ACADEMY | D11: K | E11: RLA | F11: No | G11: No | I11: B | J11: N | K11: English | L11: MCDONALD, TAVIA | AM11: BOY | AN11: Well Below Benchmark | AO11: 264 | AP11: 0.44
A12: ALLEN, KAYCEN | C12: SHELDON EARLY CHILDHOOD ACADEMY | D12: K | E12: RLA | F12: No | G12: No | I12: B | J12: N | K12: English | L12: MCDONALD, TAVIA | AM12: MOY | AN12: Well Below Benchmark | AO12: 320 | AP12: 0.53333333
A13: ALVARADO, JOSHUA | C13: SHELDON EARLY CHILDHOOD ACADEMY | D13: K | E13: RLA | F13: No | G13: No | I13: B | J13: N | K13: English | AM13: BOY | AN13: At Benchmark | AO13: 310 | AP13: 0.51666667
A14: ALVARADO, LUNA | C14: SHELDON EARLY CHILDHOOD ACADEMY | D14: K | E14: RLA | F14: No | G14: No | I14: M | J14: Y | K14: English | L14: GAINES, IDA | AM14: BOY | AN14: Well Below Benchmark | AO14: 269 | AP14: 0.44833333
A15: ALVARADO, LUNA | C15: SHELDON EARLY CHILDHOOD ACADEMY | D15: K | E15: RLA | F15: No | G15: No | I15: M | J15: Y | K15: English | L15: GAINES, IDA | AM15: MOY | AN15: Well Below Benchmark | AO15: 339 | AP15: 0.565
A16: ANCIRA, XANTINO | C16: SHELDON EARLY CHILDHOOD ACADEMY | D16: K | E16: RLA | F16: No | G16: No | I16: M | J16: Y | K16: English | L16: JENKINS, SARAH | AM16: BOY | AN16: At Benchmark | AO16: 306 | AP16: 0.51
A17: ANCIRA, XANTINO | C17: SHELDON EARLY CHILDHOOD ACADEMY | D17: K | E17: RLA | F17: No | G17: No | I17: M | J17: Y | K17: English | L17: JENKINS, SARAH | AM17: MOY | AN17: Below Benchmark | AO17: 364 | AP17: 0.60666667
A18: ANGULO, PRINCETON | C18: SHELDON EARLY CHILDHOOD ACADEMY | D18: K | E18: RLA | F18: No | G18: No | I18: M | J18: Y | K18: English | L18: JENKINS, SARAH | AM18: BOY | AN18: Below Benchmark | AO18: 289 | AP18: 0.48166667
A19: ARZU, JAHMIERE | C19: SHELDON EARLY CHILDHOOD ACADEMY | D19: K | E19: RLA | F19: No | G19: No | I19: M | J19: Y | K19: English | L19: NED-WILLIAMS, JASMINE | AM19: BOY | AN19: Below Benchmark | AO19: 280 | AP19: 0.46666667
A20: ARZU, JAHMIERE | C20: SHELDON EARLY CHILDHOOD ACADEMY | D20: K | E20: RLA | F20: No | G20: No | I20: B | J20: N | K20: English | L20: NED-WILLIAMS, JASMINE | AM20: MOY | AN20: Above Benchmark | AO20: 393 | AP20: 0.655
A21: ASCENCIO, FRANCISCO | C21: SHELDON EARLY CHILDHOOD ACADEMY | D21: K | E21: RLA | F21: No | G21: No | I21: B | J21: N | K21: English | L21: CASTILLO-LOPEZ, JOANA | AM21: BOY | AN21: Below Benchmark | AO21: 286 | AP21: 0.47666667
A22: ASCENCIO, FRANCISCO | C22: SHELDON EARLY CHILDHOOD ACADEMY | D22: K | E22: RLA | F22: No | G22: No | I22: M | J22: Y | K22: English | L22: CASTILLO-LOPEZ, JOANA | AM22: MOY | AN22: Below Benchmark | AO22: 364 | AP22: 0.60666667
A23: AVELLANEDA, DALYLAH | C23: SHELDON EARLY CHILDHOOD ACADEMY | D23: K | E23: RLA | F23: No | G23: No | I23: M | J23: Y | K23: English | L23: CATAPANO, APRIL | AM23: BOY | AN23: At Benchmark | AO23: 326 | AP23: 0.54333333
A24: AVELLANEDA, DALYLAH | C24: SHELDON EARLY CHILDHOOD ACADEMY | D24: K | E24: RLA | F24: No | G24: No | I24: M | J24: Y | K24: English | L24: CATAPANO, APRIL | AM24: MOY | AN24: At Benchmark | AO24: 382 | AP24: 0.63666667
A25: BAILEY, EZRA | C25: SHELDON EARLY CHILDHOOD ACADEMY | D25: K | E25: RLA | F25: No | G25: No | I25: M | J25: Y | K25: English | L25: CATAPANO, APRIL | AM25: BOY | AN25: Above Benchmark | AO25: 333 | AP25: 0.555
... A162: HILL, JEREMIAH | C162: SHELDON EARLY CHILDHOOD ACADEMY | D162: K | E162: RLA | F162: No | G162: No | I162: B | J162: N | K162: English | L162: ALLEN, NICKIE | AM162: BOY | AN162: Well Below Benchmark | AO162: 243 | AP162: 0.405
A163: HILL, QUEEN | C163: SHELDON EARLY CHILDHOOD ACADEMY | D163: K | E163: RLA | F163: No | G163: No | I163: M | J163: Y | K163: English | AM163: BOY | AN163: Well Below Benchmark | AO163: 254 | AP163: 0.42333333
A164: HINES, AMIER | C164: SHELDON EARLY CHILDHOOD ACADEMY | D164: K | E164: RLA | F164: No | G164: No | I164: M | J164: Y | K164: English | L164: NED-WILLIAMS, JASMINE | AM164: BOY | AN164: Above Benchmark | AO164: 387 | AP164: 0.645
A165: HINES, AMIER | C165: SHELDON EARLY CHILDHOOD ACADEMY | D165: K | E165: RLA | F165: No | G165: No | I165: B | J165: N | K165: English | L165: NED-WILLIAMS, JASMINE | AM165: MOY | AN165: Above Benchmark | AO165: 418 | AP165: 0.69666667
A166: HUBBARD, SEBASTIAN | C166: SHELDON EARLY CHILDHOOD ACADEMY | D166: K | E166: RLA | F166: No | G166: No | I166: B | J166: N | K166: English | L166: JENKINS, SARAH | AM166: BOY | AN166: Above Benchmark | AO166: 339 | AP166: 0.565
A167: HUBBARD, SEBASTIAN | C167: SHELDON EARLY CHILDHOOD ACADEMY | D167: K | E167: RLA | F167: No | G167: No | I167: B | J167: N | K167: English | L167: JENKINS, SARAH | AM167: MOY | AN167: Above Benchmark | AO167: 393 | AP167: 0.655
A168: HYACINTH, DARIUS | C168: SHELDON EARLY CHILDHOOD ACADEMY | D168: K | E168: RLA | F168: No | G168: No | I168: B | J168: N | K168: English | L168: GAINES, IDA | AM168: BOY | AN168: At Benchmark | AO168: 313 | AP168: 0.52166667
A169: HYACINTH, DARIUS | C169: SHELDON EARLY CHILDHOOD ACADEMY | D169: K | E169: RLA | F169: No | G169: No | I169: B | J169: N | K169: English | L169: GAINES, IDA | AM169: MOY | AN169: At Benchmark | AO169: 388 | AP169: 0.64666667
A170: HYACINTH, NYA | C170: SHELDON EARLY CHILDHOOD ACADEMY | D170: K | E170: RLA | F170: No | G170: No | I170: B | J170: N | K170: English | L170: LEZAMA, MARIA | AM170: BOY | AN170: Well Below Benchmark | AO170: 262 | AP170: 0.43666667
A171: HYACINTH, NYA | C171: SHELDON EARLY CHILDHOOD ACADEMY | D171: K | E171: RLA | F171: No | G171: No | I171: B | J171: N | K171: English | L171: LEZAMA, MARIA | AM171: MOY | AN171: Well Below Benchmark | AO171: 353 | AP171: 0.58833333
A172: IVY, ZAYN | C172: SHELDON EARLY CHILDHOOD ACADEMY | D172: K | E172: RLA | F172: No | G172: No | I172: B | J172: N | K172: English | L172: GAINES, IDA | AM172: BOY | AN172: Above Benchmark | AO172: 418 | AP172: 0.69666667
A173: IVY, ZAYN | C173: SHELDON EARLY CHILDHOOD ACADEMY | D173: K | E173: RLA | F173: No | G173: No | I173: M | J173: Y | K173: English | L173: GAINES, IDA | AM173: MOY | AN173: Above Benchmark | AO173: 466 | AP173: 0.77666667
A174: JACKSON, ALLISON | C174: SHELDON EARLY CHILDHOOD ACADEMY | D174: K | E174: RLA | F174: No | G174: No | I174: M | J174: Y | K174: English | L174: CATAPANO, APRIL | AM174: BOY | AN174: Well Below Benchmark | AO174: 270 | AP174: 0.45
A175: JACKSON, ALLISON | C175: SHELDON EARLY CHILDHOOD ACADEMY | D175: K | E175: RLA | F175: No | G175: No | I175: W | J175: N | K175: English | L175: CATAPANO, APRIL | AM175: MOY | AN175: Well Below Benchmark | AO175: 340 | AP175: 0.56666667
... A263: PARRISH, JAX | C263: SHELDON EARLY CHILDHOOD ACADEMY | D263: K | E263: RLA | F263: No | G263: No | I263: W | J263: N | K263: English | L263: LUMPFORD, JOYLANN | AM263: MOY | AN263: Below Benchmark | AO263: 361 | AP263: 0.60166667
A264: PEARSON, DAVID | C264: SHELDON EARLY CHILDHOOD ACADEMY | D264: K | E264: RLA | F264: No | G264: No | I264: W | J264: N | K264: English | AM264: BOY | AN264: Well Below Benchmark | AO264: 247 | AP264: 0.41166667
A265: PEREZ, ISAAC | C265: SHELDON EARLY CHILDHOOD ACADEMY | D265: K | E265: RLA | F265: No | G265: No | I265: B | J265: N | K265: English | L265: TOLLEY, ANALISA | AM265: BOY | AN265: Well Below Benchmark | AO265: 272 | AP265: 0.45333333
A266: PEREZ, ISAAC | C266: SHELDON EARLY CHILDHOOD ACADEMY | D266: K | E266: RLA | F266: No | G266: No | I266: M | J266: Y | K266: English | L266: TOLLEY, ANALISA | AM266: MOY | AN266: Below Benchmark | AO266: 358 | AP266: 0.59666667
A267: PEREZ, ULISES | C267: SHELDON EARLY CHILDHOOD ACADEMY | D267: K | E267: RLA | F267: No | G267: No | I267: M | J267: Y | K267: English | L267: MCDONALD, TAVIA | AM267: BOY | AN267: Below Benchmark | AO267: 303 | AP267: 0.505
A268: PEREZ, ULISES | C268: SHELDON EARLY CHILDHOOD ACADEMY | D268: K | E268: RLA | F268: No | G268: No | I268: M | J268: Y | K268: English | L268: MCDONALD, TAVIA | AM268: MOY | AN268: Well Below Benchmark | AO268: 355 | AP268: 0.59166667
A269: PEREZ CELIO, AARON | C269: SHELDON EARLY CHILDHOOD ACADEMY | D269: K | E269: RLA | F269: No | G269: No | I269: M | J269: Y | K269: English | L269: NED-WILLIAMS, JASMINE | AM269: BOY | AN269: Well Below Benchmark | AO269: 256 | AP269: 0.42666667
A270: PEREZ CELIO, AARON | C270: SHELDON EARLY CHILDHOOD ACADEMY | D270: K | E270: RLA | F270: No | G270: No | I270: M | J270: Y | K270: English | L270: NED-WILLIAMS, JASMINE | AM270: MOY | AN270: Well Below Benchmark | AO270: 329 | AP270: 0.54833333
A271: PERKINS, JOURNEE | C271: SHELDON EARLY CHILDHOOD ACADEMY | D271: K | E271: RLA | F271: No | G271: No | I271: M | J271: Y | K271: English | L271: HERRERA, STEPHANIE | AM271: BOY | AN271: At Benchmark | AO271: 326 | AP271: 0.54333333
A272: PERKINS, JOURNEE | C272: SHELDON EARLY CHILDHOOD ACADEMY | D272: K | E272: RLA | F272: No | G272: No | I272: B | J272: N | K272: English | L272: HERRERA, STEPHANIE | AM272: MOY | AN272: At Benchmark | AO272: 380 | AP272: 0.63333333
A273: PETTY, VERNON | C273: SHELDON EARLY CHILDHOOD ACADEMY | D273: K | E273: RLA | F273: No | G273: No | I273: B | J273: N | K273: English | L273: JENKINS, SARAH | AM273: BOY | AN273: Below Benchmark | AO273: 299 | AP273: 0.49833333
A274: PETTY, VERNON | C274: SHELDON EARLY CHILDHOOD ACADEMY | D274: K | E274: RLA | F274: No | G274: No | I274: B | J274: N | K274: English | L274: JENKINS, SARAH | AM274: MOY | AN274: Well Below Benchmark | AO274: 339 | AP274: 0.565
A275: PHILIP, JACKSON | C275: SHELDON EARLY CHILDHOOD ACADEMY | D275: K | E275: RLA | F275: No | G275: No | I275: B | J275: N | K275: English | L275: GAINES, IDA | AM275: BOY | AN275: Above Benchmark | AO275: 356 | AP275: 0.59333333
A276: PHILIP, JACKSON | C276: SHELDON EARLY CHILDHOOD ACADEMY | D276: K | E276: RLA | F276: No | G276: No | I276: W | J276: N | K276: English | L276: GAINES, IDA | AM276: MOY | AN276: Above Benchmark | AO276: 415 | AP276: 0.69166667
... A301: RODRIGUEZ, JULIANNA | C301: SHELDON EARLY CHILDHOOD ACADEMY | D301: K | E301: RLA | F301: No | G301: No | I301: M | J301: Y | K301: English | L301: JENKINS, SARAH | AM301: BOY | AN301: Well Below Benchmark | AO301: 253 | AP301: 0.42166667
A302: RODRIGUEZ ESPINOZA, ALAN | C302: SHELDON EARLY CHILDHOOD ACADEMY | D302: K | E302: RLA | F302: No | G302: No | I302: M | J302: Y | K302: English | AM302: BOY | AN302: Well Below Benchmark | AO302: 272 | AP302: 0.45333333
A303: RODRIGUEZ HUSTON, LUCIA | C303: SHELDON EARLY CHILDHOOD ACADEMY | D303: K | E303: RLA | F303: No | G303: No | I303: M | J303: Y | K303: English | L303: CATAPANO, APRIL | AM303: BOY | AN303: Below Benchmark | AO303: 298 | AP303: 0.49666667
A304: RODRIGUEZ HUSTON, LUCIA | C304: SHELDON EARLY CHILDHOOD ACADEMY | D304: K | E304: RLA | F304: No | G304: No | I304: M | J304: Y | K304: English | L304: CATAPANO, APRIL | AM304: MOY | AN304: Below Benchmark | AO304: 356 | AP304: 0.59333333
A305: ROSALES, RYAN | C305: SHELDON EARLY CHILDHOOD ACADEMY | D305: K | E305: RLA | F305: No | G305: No | I305: M | J305: Y | K305: English | L305: CATAPANO, APRIL | AM305: BOY | AN305: At Benchmark | AO305: 320 | AP305: 0.53333333
A306: ROSALES, RYAN | C306: SHELDON EARLY CHILDHOOD ACADEMY | D306: K | E306: RLA | F306: No | G306: No | I306: M | J306: Y | K306: English | L306: CATAPANO, APRIL | AM306: MOY | AN306: At Benchmark | AO306: 374 | AP306: 0.62333333
A307: ROSE, RYAN | C307: SHELDON EARLY CHILDHOOD ACADEMY | D307: K | E307: RLA | F307: No | G307: No | I307: M | J307: Y | K307: English | L307: CASTILLO-LOPEZ, JOANA | AM307: BOY | AN307: Below Benchmark | AO307: 298 | AP307: 0.49666667
A308: ROSE, RYAN | C308: SHELDON EARLY CHILDHOOD ACADEMY | D308: K | E308: RLA | F308: No | G308: No | I308: M | J308: Y | K308: English | L308: CASTILLO-LOPEZ, JOANA | AM308: MOY | AN308: Below Benchmark | AO308: 364 | AP308: 0.60666667
A309: ROSS, RASHAD | C309: SHELDON EARLY CHILDHOOD ACADEMY | D309: K | E309: RLA | F309: No | G309: No | I309: M | J309: Y | K309: English | L309: HERRERA, STEPHANIE | AM309: BOY | AN309: At Benchmark | AO309: 326 | AP309: 0.54333333
A310: ROSS, RASHAD | C310: SHELDON EARLY CHILDHOOD ACADEMY | D310: K | E310: RLA | F310: No | G310: No | I310: M | J310: Y | K310: English | L310: HERRERA, STEPHANIE | AM310: MOY | AN310: Below Benchmark | AO310: 367 | AP310: 0.61166667
A311: RUBIN, ALEXANDER | C311: SHELDON EARLY CHILDHOOD ACADEMY | D311: K | E311: RLA | F311: No | G311: No | I311: M | J311: Y | K311: English | L311: TOLLEY, ANALISA | AM311: BOY | AN311: Below Benchmark | AO311: 292 | AP311: 0.48666667
A312: RUBIN, ALEXANDER | C312: SHELDON EARLY CHILDHOOD ACADEMY | D312: K | E312: RLA | F312: No | G312: No | I312: M | J312: N | K312: English | L312: TOLLEY, ANALISA | AM312: MOY | AN312: Below Benchmark | AO312: 357 | AP312: 0.595
A313: RUIZ, ANA | C313: SHELDON EARLY CHILDHOOD ACADEMY | D313: K | E313: RLA | F313: No | G313: No | I313: M | J313: N | K313: English | L313: TOLLEY, ANALISA | AM313: BOY | AN313: Below Benchmark | AO313: 301 | AP313: 0.50166667
A314: RUIZ, ANA | C314: SHELDON EARLY CHILDHOOD ACADEMY | D314: K | E314: RLA | F314: No | G314: No | I314: M | J314: Y | K314: English | L314: TOLLEY, ANALISA | AM314: MOY | AN314: Below Benchmark | AO314: 363 | AP314: 0.605
... A475: DE LEON LARA, ARLEY | C475: STEPHANIE CRAVENS EARLY CHILDHOOD | D475: K | E475: RLA | F475: No | G475: No | I475: B | J475: N | K475: English | L475: JOHNSON, LATOYA | AM475: MOY | AN475: Well Below Benchmark | AO475: 352 | AP475: 0.58666667
A476: DONNELL, TY-ANTHONY | C476: STEPHANIE CRAVENS EARLY CHILDHOOD | D476: K | E476: RLA | F476: No | G476: No | I476: M | J476: Y | K476: English | AM476: BOY | AN476: Well Below Benchmark | AO476: 268 | AP476: 0.44666667
A477: DOSIA, D'AARIAN | C477: STEPHANIE CRAVENS EARLY CHILDHOOD | D477: K | E477: RLA | F477: No | G477: No | I477: M | J477: N | K477: English | AM477: BOY | AN477: Above Benchmark | AO477: 431 | AP477: 0.71833333
A478: DRUMGOOLE, ZURI | C478: STEPHANIE CRAVENS EARLY CHILDHOOD | D478: K | E478: RLA | F478: No | G478: No | I478: B | J478: N | K478: English | L478: CUSSEN, KATHIE | AM478: BOY | AN478: Above Benchmark | AO478: 350 | AP478: 0.58333333
A479: DRUMGOOLE, ZURI | C479: STEPHANIE CRAVENS EARLY CHILDHOOD | D479: K | E479: RLA | F479: No | G479: No | I479: B | J479: N | K479: English | L479: CUSSEN, KATHIE | AM479: MOY | AN479: At Benchmark | AO479: 381 | AP479: 0.635
A480: DUARTE, KINGSTON | C480: STEPHANIE CRAVENS EARLY CHILDHOOD | D480: K | E480: RLA | F480: No | G480: No | I480: B | J480: N | K480: English | L480: GOMEZ, STEPHANIE | AM480: BOY | AN480: Above Benchmark | AO480: 385 | AP480: 0.64166667
A481: DUARTE, KINGSTON | C481: STEPHANIE CRAVENS EARLY CHILDHOOD | D481: K | E481: RLA | F481: No | G481: No | I481: B | J481: N | K481: English | L481: GOMEZ, STEPHANIE | AM481: MOY | AN481: Above Benchmark | AO481: 404 | AP481: 0.67333333
A482: ELIZONDO, ELIZABETH | C482: STEPHANIE CRAVENS EARLY CHILDHOOD | D482: K | E482: RLA | F482: No | G482: No | I482: B | J482: N | K482: English | L482: CONNELL, KATLIN | AM482: BOY | AN482: Well Below Benchmark | AO482: 258 | AP482: 0.43
A483: ELIZONDO, ELIZABETH | C483: STEPHANIE CRAVENS EARLY CHILDHOOD | D483: K | E483: RLA | F483: No | G483: No | I483: M | J483: Y | K483: English | L483: CONNELL, KATLIN | AM483: MOY | AN483: Well Below Benchmark | AO483: 329 | AP483: 0.54833333
A484: ESTRADA, LIONEL | C484: STEPHANIE CRAVENS EARLY CHILDHOOD | D484: K | E484: RLA | F484: No | G484: No | I484: M | J484: Y | K484: English | L484: CUNNINGHAM, MELISSA | AM484: BOY | AN484: Above Benchmark | AO484: 348 | AP484: 0.58
A485: ESTRADA, LIONEL | C485: STEPHANIE CRAVENS EARLY CHILDHOOD | D485: K | E485: RLA | F485: No | G485: No | I485: M | J485: Y | K485: English | L485: CUNNINGHAM, MELISSA | AM485: MOY | AN485: Above Benchmark | AO485: 468 | AP485: 0.78
A486: EVANS, JERMIYAH | C486: STEPHANIE CRAVENS EARLY CHILDHOOD | D486: K | E486: RLA | F486: No | G486: No | I486: M | J486: Y | K486: English | L486: GALLARDO, SAVANNAH | AM486: BOY | AN486: Well Below Benchmark | AO486: 249 | AP486: 0.415
A487: EVANS, JERMIYAH | C487: STEPHANIE CRAVENS EARLY CHILDHOOD | D487: K | E487: RLA | F487: No | G487: No | I487: B | J487: N | K487: English | L487: GALLARDO, SAVANNAH | AM487: MOY | AN487: Well Below Benchmark | AO487: 327 | AP487: 0.545
A488: EVANS, SANIYAH | C488: STEPHANIE CRAVENS EARLY CHILDHOOD | D488: K | E488: RLA | F488: No | G488: No | I488: B | J488: N | K488: English | L488: CUSSEN, KATHIE | AM488: BOY | AN488: Well Below Benchmark | AO488: 248 | AP488: 0.41333333
A489: EVANS, SANIYAH | C489: STEPHANIE CRAVENS EARLY CHILDHOOD | D489: K | E489: RLA | F489: No | G489: No | I489: B | J489: N | K489: English | L489: CUSSEN, KATHIE | AM489: MOY | AN489: Well Below Benchmark | AO489: 324 | AP489: 0.54
... A523: HARTFIELD, JAYDAN | C523: STEPHANIE CRAVENS EARLY CHILDHOOD | D523: K | E523: RLA | F523: No | G523: No | I523: B | J523: N | K523: English | L523: DELEON, MARIA | AM523: MOY | AN523: At Benchmark | AO523: 381 | AP523: 0.635
A524: HAYWOOD, ALAYAH | C524: STEPHANIE CRAVENS EARLY CHILDHOOD | D524: K | E524: RLA | F524: No | G524: No | I524: B | J524: N | K524: English | AM524: BOY | AN524: Below Benchmark | AO524: 299 | AP524: 0.49833333
A525: HENDERSON, ARMARIANNA | C525: STEPHANIE CRAVENS EARLY CHILDHOOD | D525: K | E525: RLA | F525: No | G525: No | I525: B | J525: N | K525: English | L525: DELEON, MARIA | AM525: BOY | AN525: Above Benchmark | AO525: 341 | AP525: 0.56833333
A526: HENDERSON, ARMARIANNA | C526: STEPHANIE CRAVENS EARLY CHILDHOOD | D526: K | E526: RLA | F526: No | G526: No | I526: B | J526: N | K526: English | L526: DELEON, MARIA | AM526: MOY | AN526: At Benchmark | AO526: 386 | AP526: 0.64333333
A527: HERNANDEZ, DEMI | C527: STEPHANIE CRAVENS EARLY CHILDHOOD | D527: K | E527: RLA | F527: No | G527: No | I527: B | J527: N | K527: English | L527: DELEON, MARIA | AM527: BOY | AN527: Above Benchmark | AO527: 340 | AP527: 0.56666667
A528: HERNANDEZ, DEMI | C528: STEPHANIE CRAVENS EARLY CHILDHOOD | D528: K | E528: RLA | F528: No | G528: No | I528: M | J528: Y | K528: English | L528: DELEON, MARIA | AM528: MOY | AN528: Above Benchmark | AO528: 400 | AP528: 0.66666667
A529: HERNANDEZ, JAYLA | C529: STEPHANIE CRAVENS EARLY CHILDHOOD | D529: K | E529: RLA | F529: No | G529: No | I529: M | J529: Y | K529: English | L529: JOHNSON, LATOYA | AM529: BOY | AN529: Well Below Benchmark | AO529: 272 | AP529: 0.45333333
A530: HERNANDEZ, JAYLA | C530: STEPHANIE CRAVENS EARLY CHILDHOOD | D530: K | E530: RLA | F530: No | G530: No | I530: M | J530: Y | K530: English | L530: JOHNSON, LATOYA | AM530: MOY | AN530: Well Below Benchmark | AO530: 353 | AP530: 0.58833333
A531: HIGHTOWER, GIANA | C531: STEPHANIE CRAVENS EARLY CHILDHOOD | D531: K | E531: RLA | F531: No | G531: No | I531: M | J531: Y | K531: English | L531: PAYNE, SAMANTHA | AM531: BOY | AN531: Above Benchmark | AO531: 382 | AP531: 0.63666667
A532: HIGHTOWER, GIANA | C532: STEPHANIE CRAVENS EARLY CHILDHOOD | D532: K | E532: RLA | F532: No | G532: No | I532: B | J532: N | K532: English | L532: PAYNE, SAMANTHA | AM532: MOY | AN532: Above Benchmark | AO532: 436 | AP532: 0.72666667
A533: HINES, CAMERON LAVON | C533: STEPHANIE CRAVENS EARLY CHILDHOOD | D533: K | E533: RLA | F533: No | G533: No | I533: B | J533: N | K533: English | L533: GOMEZ, STEPHANIE | AM533: MOY | AN533: Above Benchmark | AO533: 406 | AP533: 0.67666667
A534: HOWARD-ARRIOLA, ZARIYA | C534: STEPHANIE CRAVENS EARLY CHILDHOOD | D534: K | E534: RLA | F534: No | G534: No | I534: B | J534: N | K534: English | L534: FEEMSTER, AVERY | AM534: BOY | AN534: Well Below Benchmark | AO534: 250 | AP534: 0.41666667
A535: HOWARD-ARRIOLA, ZARIYA | C535: STEPHANIE CRAVENS EARLY CHILDHOOD | D535: K | E535: RLA | F535: No | G535: No | I535: B | J535: N | K535: English | L535: FEEMSTER, AVERY | AM535: MOY | AN535: Well Below Benchmark | AO535: 335 | AP535: 0.55833333
A536: HUDSON, NALANI | C536: STEPHANIE CRAVENS EARLY CHILDHOOD | D536: K | E536: RLA | F536: No | G536: No | I536: B | J536: N | K536: English | AM536: BOY | AN536: Above Benchmark | AO536: 355 | AP536: 0.59166667
A537: HURD, ALIJAH | C537: STEPHANIE CRAVENS EARLY CHILDHOOD | D537: K | E537: RLA | F537: No | G537: No | I537: B | J537: N | K537: English | L537: GOMEZ, STEPHANIE | AM537: BOY | AN537: Well Below Benchmark | AO537: 254 | AP537: 0.42333333
A538: HURD, ALIJAH | C538: STEPHANIE CRAVENS EARLY CHILDHOOD | D538: K | E538: RLA | F538: No | G538: No | I538: M | J538: Y | K538: English | L538: GOMEZ, STEPHANIE | AM538: MOY | AN538: Well Below Benchmark | AO538: 348 | AP538: 0.58
A539: JEFFERSON, NIVRE | C539: STEPHANIE CRAVENS EARLY CHILDHOOD | D539: K | E539: RLA | F539: No | G539: No | I539: M | J539: Y | K539: English | L539: NAJERA, GRACIELA | AM539: BOY | AN539: Above Benchmark | AO539: 536 | AP539: 0.89333333
A540: JEFFERSON, NIVRE | C540: STEPHANIE CRAVENS EARLY CHILDHOOD | D540: K | E540: RLA | F540: No | G540: No | I540: B | J540: N | K540: English | L540: NAJERA, GRACIELA | AM540: MOY | AN540: Above Benchmark | AO540: 494 | AP540: 0.82333333
...
